---------------------------------------------------------------------------------------------
      name:  log_DM_ind
       log:  N:\Ablagen\D01700-Projekte\4534-Stigma_Consciousness\log\03_ind.log
  log type:  text
 opened on:  22 Sep 2026, 10:37:07
r; t=0.34 10:37:07

. 
. use "$orig_bef\PENDDAT.dta", clear
(PASS V1, 2006-2022, 16 Nov 2023, PENDDAT)
r; t=7.12 10:37:14

. *************
. 
. keep if welle==7
(196,458 observations deleted)
r; t=0.02 10:37:14

. merge           1:m pnr using "$data\regio_nh.dta", gen(_merge0)

    Result                      Number of obs
    -----------------------------------------
    Not matched                         5,698
        from master                     5,698  (_merge0==1)
        from using                          0  (_merge0==2)

    Matched                             8,727  (_merge0==3)
    -----------------------------------------
r; t=0.17 10:37:14

. keep            if _merge0==3
(5,698 observations deleted)
r; t=0.00 10:37:14

.                         
. ***Prejudices
. tab             PSV0200a, mis

   Nicht arbeitsl. Befr.: Wie viele von |
    100 Arbeitsl. suchen wirklich einen |
                                   Job? |      Freq.     Percent        Cum.
----------------------------------------+-----------------------------------
               Trifft nicht zu (Filter) |      3,184       36.48       36.48
                           Keine Angabe |         17        0.19       36.68
                            Weiss nicht |         98        1.12       37.80
                                      0 |         18        0.21       38.01
                                      1 |         16        0.18       38.19
                                      2 |         19        0.22       38.41
                                      3 |         16        0.18       38.59
                                      4 |         10        0.11       38.71
                                      5 |         56        0.64       39.35
                                      6 |         21        0.24       39.59
                                      7 |         27        0.31       39.90
                                      8 |         25        0.29       40.19
                                      9 |          8        0.09       40.28
                                     10 |        188        2.15       42.43
                                     11 |          1        0.01       42.44
                                     12 |          2        0.02       42.47
                                     15 |         28        0.32       42.79
                                     18 |          1        0.01       42.80
                                     20 |        298        3.41       46.21
                                     25 |         59        0.68       46.89
                                     27 |          1        0.01       46.90
                                     30 |        341        3.91       50.81
                                     33 |          9        0.10       50.91
                                     34 |          1        0.01       50.92
                                     35 |         38        0.44       51.36
                                     38 |          1        0.01       51.37
                                     40 |        343        3.93       55.30
                                     42 |          1        0.01       55.31
                                     45 |         28        0.32       55.63
                                     46 |          2        0.02       55.65
                                     47 |          1        0.01       55.67
                                     48 |          1        0.01       55.68
                                     50 |      1,122       12.86       68.53
                                     51 |          1        0.01       68.55
                                     52 |          1        0.01       68.56
                                     53 |          1        0.01       68.57
                                     54 |          1        0.01       68.58
                                     55 |         20        0.23       68.81
                                     56 |          2        0.02       68.83
                                     59 |          2        0.02       68.86
                                     60 |        612        7.01       75.87
                                     62 |          1        0.01       75.88
                                     63 |          2        0.02       75.90
                                     64 |          1        0.01       75.91
                                     65 |         62        0.71       76.62
                                     66 |         11        0.13       76.75
                                     67 |          2        0.02       76.77
                                     68 |          1        0.01       76.78
                                     70 |        643        7.37       84.15
                                     73 |          2        0.02       84.18
                                     75 |        153        1.75       85.93
                                     78 |          1        0.01       85.94
                                     80 |        736        8.43       94.37
                                     82 |          1        0.01       94.39
                                     83 |          1        0.01       94.40
                                     85 |         91        1.04       95.44
                                     87 |          1        0.01       95.45
                                     88 |          3        0.03       95.49
                                     90 |        268        3.07       98.56
                                     91 |          1        0.01       98.57
                                     93 |          1        0.01       98.58
                                     95 |         49        0.56       99.14
                                     96 |          4        0.05       99.19
                                     97 |          3        0.03       99.22
                                     98 |         13        0.15       99.37
                                     99 |         21        0.24       99.61
                                    100 |         34        0.39      100.00
----------------------------------------+-----------------------------------
                                  Total |      8,727      100.00
r; t=0.03 10:37:14

. tab             PSV0200a, mis nol

      Nicht |
  arbeitsl. |
 Befr.: Wie |
  viele von |
        100 |
  Arbeitsl. |
     suchen |
   wirklich |
 einen Job? |      Freq.     Percent        Cum.
------------+-----------------------------------
         -3 |      3,184       36.48       36.48
         -2 |         17        0.19       36.68
         -1 |         98        1.12       37.80
          0 |         18        0.21       38.01
          1 |         16        0.18       38.19
          2 |         19        0.22       38.41
          3 |         16        0.18       38.59
          4 |         10        0.11       38.71
          5 |         56        0.64       39.35
          6 |         21        0.24       39.59
          7 |         27        0.31       39.90
          8 |         25        0.29       40.19
          9 |          8        0.09       40.28
         10 |        188        2.15       42.43
         11 |          1        0.01       42.44
         12 |          2        0.02       42.47
         15 |         28        0.32       42.79
         18 |          1        0.01       42.80
         20 |        298        3.41       46.21
         25 |         59        0.68       46.89
         27 |          1        0.01       46.90
         30 |        341        3.91       50.81
         33 |          9        0.10       50.91
         34 |          1        0.01       50.92
         35 |         38        0.44       51.36
         38 |          1        0.01       51.37
         40 |        343        3.93       55.30
         42 |          1        0.01       55.31
         45 |         28        0.32       55.63
         46 |          2        0.02       55.65
         47 |          1        0.01       55.67
         48 |          1        0.01       55.68
         50 |      1,122       12.86       68.53
         51 |          1        0.01       68.55
         52 |          1        0.01       68.56
         53 |          1        0.01       68.57
         54 |          1        0.01       68.58
         55 |         20        0.23       68.81
         56 |          2        0.02       68.83
         59 |          2        0.02       68.86
         60 |        612        7.01       75.87
         62 |          1        0.01       75.88
         63 |          2        0.02       75.90
         64 |          1        0.01       75.91
         65 |         62        0.71       76.62
         66 |         11        0.13       76.75
         67 |          2        0.02       76.77
         68 |          1        0.01       76.78
         70 |        643        7.37       84.15
         73 |          2        0.02       84.18
         75 |        153        1.75       85.93
         78 |          1        0.01       85.94
         80 |        736        8.43       94.37
         82 |          1        0.01       94.39
         83 |          1        0.01       94.40
         85 |         91        1.04       95.44
         87 |          1        0.01       95.45
         88 |          3        0.03       95.49
         90 |        268        3.07       98.56
         91 |          1        0.01       98.57
         93 |          1        0.01       98.58
         95 |         49        0.56       99.14
         96 |          4        0.05       99.19
         97 |          3        0.03       99.22
         98 |         13        0.15       99.37
         99 |         21        0.24       99.61
        100 |         34        0.39      100.00
------------+-----------------------------------
      Total |      8,727      100.00
r; t=0.03 10:37:14

. global          x 1
r; t=0.00 10:37:14

. foreach         var of varlist PSV0200a-PSV0200e {
  2.         recode  `var' -9=.a -3=.b -2 -1=., gen(pred$x)
  3.         global  x=$x+1
  4. }
(3,299 differences between PSV0200a and pred1)
(3,601 differences between PSV0200b and pred2)
(3,329 differences between PSV0200c and pred3)
(3,383 differences between PSV0200d and pred4)
(3,411 differences between PSV0200e and pred5)
r; t=0.07 10:37:14

. sum             pred*

    Variable |        Obs        Mean    Std. dev.       Min        Max
-------------+---------------------------------------------------------
       pred1 |      5,428    54.85612      23.804          0        100
       pred2 |      5,126    42.28911    24.45389          0        100
       pred3 |      5,398    38.57318    24.12734          0        100
       pred4 |      5,344    35.94873    25.63509          0        100
       pred5 |      5,316    44.26279    24.12157          0        100
r; t=0.03 10:37:14

. hist            pred1
(bin=37, start=0, width=2.7027027)
r; t=0.60 10:37:15

. alpha           pred*, item

Test scale = mean(unstandardized items)

                                                            Average
                             Item-test     Item-rest       interitem
Item         |  Obs  Sign   correlation   correlation     covariance      alpha
-------------+-----------------------------------------------------------------
pred1        | 5428    -       0.5974        0.3833        197.2194      0.6593
pred2        | 5126    +       0.6118        0.3575        198.2275      0.6655
pred3        | 5398    +       0.7994        0.6242        134.0935      0.5347
pred4        | 5344    +       0.6625        0.4097        181.0871      0.6438
pred5        | 5316    +       0.6171        0.3712         196.917      0.6610
-------------+-----------------------------------------------------------------
Test scale   |                                             181.6048      0.6861
-------------------------------------------------------------------------------
r; t=0.10 10:37:15

. alpha           pred* if statakt==1, item

Test scale = mean(unstandardized items)

                                                            Average
                             Item-test     Item-rest       interitem
Item         |  Obs  Sign   correlation   correlation     covariance      alpha
-------------+-----------------------------------------------------------------
pred1        | 4071    -       0.6235        0.4194        203.4414      0.6721
pred2        | 3860    +       0.6234        0.3825        208.7281      0.6840
pred3        | 4051    +       0.8056        0.6408        146.0671      0.5634
pred4        | 4013    +       0.6733        0.4333        190.9032      0.6628
pred5        | 3993    +       0.6212        0.3789        209.5776      0.6848
-------------+-----------------------------------------------------------------
Test scale   |                                             191.8388      0.7047
-------------------------------------------------------------------------------
r; t=0.10 10:37:15

. pwcorr          pred*, star(0.05)

             |    pred1    pred2    pred3    pred4    pred5
-------------+---------------------------------------------
       pred1 |   1.0000 
       pred2 |  -0.1294*  1.0000 
       pred3 |  -0.5605*  0.3403*  1.0000 
       pred4 |  -0.2199*  0.2992*  0.4178*  1.0000 
       pred5 |  -0.1722*  0.2738*  0.3858*  0.2452*  1.0000 
r; t=0.04 10:37:15

. gen                     PRE=(100 - pred1 + pred2 + pred3 + pred4 + pred5)/5
(3,736 missing values generated)
r; t=0.00 10:37:15

. sum             PRE pred*

    Variable |        Obs        Mean    Std. dev.       Min        Max
-------------+---------------------------------------------------------
         PRE |      4,991    41.28752    16.20775          2        100
       pred1 |      5,428    54.85612      23.804          0        100
       pred2 |      5,126    42.28911    24.45389          0        100
       pred3 |      5,398    38.57318    24.12734          0        100
       pred4 |      5,344    35.94873    25.63509          0        100
-------------+---------------------------------------------------------
       pred5 |      5,316    44.26279    24.12157          0        100
r; t=0.03 10:37:15

. hist            PRE, norm percent
(bin=36, start=2, width=2.7222222)
r; t=0.55 10:37:16

. 
. ***Mean Prejudice per neighborhood
. sort            welle geo_grid_cell
r; t=0.01 10:37:16

. by welle geo_grid_cell: egen PRE_sd=sd(PRE)
(4,132 missing values generated)
r; t=0.01 10:37:16

. by welle geo_grid_cell: egen PRE_mean=mean(PRE)
(1,461 missing values generated)
r; t=0.01 10:37:16

. by welle geo_grid_cell: egen PRE_N=count(PRE)
r; t=0.00 10:37:16

. replace         PRE_N=. if welle!=7
(0 real changes made)
r; t=0.01 10:37:16

. tab             PRE_N

      PRE_N |      Freq.     Percent        Cum.
------------+-----------------------------------
          0 |      1,461       16.74       16.74
          1 |      2,671       30.61       47.35
          2 |      1,877       21.51       68.86
          3 |      1,024       11.73       80.59
          4 |        558        6.39       86.98
          5 |        369        4.23       91.21
          6 |        274        3.14       94.35
          7 |        158        1.81       96.16
          8 |        174        1.99       98.16
          9 |         30        0.34       98.50
         10 |         20        0.23       98.73
         11 |         66        0.76       99.48
         12 |         18        0.21       99.69
         16 |         27        0.31      100.00
------------+-----------------------------------
      Total |      8,727      100.00
r; t=0.00 10:37:16

. /*
> collapse        PRE_N, by(kr_id)
> tab             PRE_N
> */
. 
. tab             geo_grid_cell if PRE_mean==. & welle==7, mis

     GridAB |
 identifier |      Freq.     Percent        Cum.
------------+-----------------------------------
        876 |          1        0.07        0.07
       1719 |          1        0.07        0.14
       1773 |          1        0.07        0.21
       2776 |          1        0.07        0.27
       2779 |          2        0.14        0.41
       4432 |          2        0.14        0.55
       4617 |          1        0.07        0.62
       5134 |          1        0.07        0.68
       5418 |          1        0.07        0.75
       5715 |          1        0.07        0.82
       6050 |          1        0.07        0.89
       6375 |          1        0.07        0.96
       6748 |          2        0.14        1.10
       7223 |          1        0.07        1.16
       8674 |          1        0.07        1.23
      10462 |          1        0.07        1.30
      11127 |          1        0.07        1.37
      11717 |          1        0.07        1.44
      11769 |          1        0.07        1.51
      11770 |          1        0.07        1.57
      12009 |          1        0.07        1.64
      12464 |          1        0.07        1.71
      13149 |          1        0.07        1.78
      13990 |          1        0.07        1.85
      14040 |          1        0.07        1.92
      14046 |          2        0.14        2.05
      14324 |          1        0.07        2.12
      14325 |          1        0.07        2.19
      14992 |          1        0.07        2.26
      15647 |          1        0.07        2.33
      15814 |          1        0.07        2.40
      15818 |          2        0.14        2.53
      16075 |          1        0.07        2.60
      16182 |          1        0.07        2.67
      16619 |          1        0.07        2.74
      16865 |          2        0.14        2.87
      16871 |          1        0.07        2.94
      17137 |          1        0.07        3.01
      17142 |          1        0.07        3.08
      17401 |          1        0.07        3.15
      18163 |          1        0.07        3.22
      18170 |          1        0.07        3.29
      18178 |          1        0.07        3.35
      18439 |          1        0.07        3.42
      18447 |          1        0.07        3.49
      18726 |          2        0.14        3.63
      18728 |          1        0.07        3.70
      18901 |          2        0.14        3.83
      18990 |          1        0.07        3.90
      19066 |          1        0.07        3.97
      19115 |          1        0.07        4.04
      19118 |          1        0.07        4.11
      19334 |          2        0.14        4.24
      19337 |          1        0.07        4.31
      19628 |          3        0.21        4.52
      19832 |          1        0.07        4.59
      19840 |          1        0.07        4.65
      21042 |          1        0.07        4.72
      21545 |          1        0.07        4.79
      22303 |          1        0.07        4.86
      23372 |          1        0.07        4.93
      23664 |          1        0.07        5.00
      23673 |          1        0.07        5.07
      23962 |          1        0.07        5.13
      24584 |          1        0.07        5.20
      24586 |          1        0.07        5.27
      25454 |          2        0.14        5.41
      25463 |          1        0.07        5.48
      26103 |          1        0.07        5.54
      26593 |          1        0.07        5.61
      26681 |          1        0.07        5.68
      27236 |          1        0.07        5.75
      27540 |          1        0.07        5.82
      27619 |          1        0.07        5.89
      27853 |          1        0.07        5.95
      28376 |          1        0.07        6.02
      28514 |          1        0.07        6.09
      29450 |          1        0.07        6.16
      30059 |          1        0.07        6.23
      30427 |          1        0.07        6.30
      32455 |          1        0.07        6.37
      32502 |          1        0.07        6.43
      33685 |          1        0.07        6.50
      33929 |          1        0.07        6.57
      33942 |          1        0.07        6.64
      34863 |          1        0.07        6.71
      34876 |          1        0.07        6.78
      34878 |          1        0.07        6.84
      35177 |          1        0.07        6.91
      35488 |          1        0.07        6.98
      35501 |          1        0.07        7.05
      35507 |          2        0.14        7.19
      36414 |          1        0.07        7.26
      37032 |          1        0.07        7.32
      37180 |          2        0.14        7.46
      37181 |          1        0.07        7.53
      37411 |          1        0.07        7.60
      37454 |          3        0.21        7.80
      37603 |          1        0.07        7.87
      37696 |          1        0.07        7.94
      37995 |          1        0.07        8.01
      38184 |          1        0.07        8.08
      38305 |          1        0.07        8.15
      38515 |          2        0.14        8.28
      39134 |          2        0.14        8.42
      39185 |          1        0.07        8.49
      39453 |          1        0.07        8.56
      39492 |          1        0.07        8.62
      39543 |          1        0.07        8.69
      39709 |          1        0.07        8.76
      39751 |          1        0.07        8.83
      40322 |          2        0.14        8.97
      40379 |          1        0.07        9.03
      40435 |          1        0.07        9.10
      41298 |          1        0.07        9.17
      41819 |          2        0.14        9.31
      42376 |          1        0.07        9.38
      42645 |          1        0.07        9.45
      42671 |          1        0.07        9.51
      42953 |          2        0.14        9.65
      43412 |          1        0.07        9.72
      43707 |          1        0.07        9.79
      44539 |          1        0.07        9.86
      45455 |          1        0.07        9.92
      45499 |          1        0.07        9.99
      47426 |          2        0.14       10.13
      48046 |          1        0.07       10.20
      48048 |          1        0.07       10.27
      48317 |          1        0.07       10.34
      48923 |          1        0.07       10.40
      49244 |          1        0.07       10.47
      49501 |          1        0.07       10.54
      50446 |          1        0.07       10.61
      51187 |          1        0.07       10.68
      51712 |          1        0.07       10.75
      52621 |          1        0.07       10.81
      52932 |          2        0.14       10.95
      52934 |          1        0.07       11.02
      53893 |          1        0.07       11.09
      54008 |          1        0.07       11.16
      54471 |          1        0.07       11.23
      54490 |          4        0.27       11.50
      54924 |          1        0.07       11.57
      55346 |          2        0.14       11.70
      55630 |          2        0.14       11.84
      55954 |          1        0.07       11.91
      55956 |          1        0.07       11.98
      55972 |          1        0.07       12.05
      56013 |          1        0.07       12.11
      56606 |          1        0.07       12.18
      56852 |          1        0.07       12.25
      57020 |          1        0.07       12.32
      57555 |          1        0.07       12.39
      58063 |          1        0.07       12.46
      58347 |          1        0.07       12.53
      58486 |          1        0.07       12.59
      58775 |          1        0.07       12.66
      58776 |          2        0.14       12.80
      58905 |          1        0.07       12.87
      59049 |          1        0.07       12.94
      59050 |          1        0.07       13.00
      59051 |          1        0.07       13.07
      59082 |          1        0.07       13.14
      59180 |          1        0.07       13.21
      59329 |          2        0.14       13.35
      59490 |          2        0.14       13.48
      59496 |          1        0.07       13.55
      59954 |          1        0.07       13.62
      60052 |          2        0.14       13.76
      60059 |          4        0.27       14.03
      60062 |          1        0.07       14.10
      60100 |          1        0.07       14.17
      60103 |          1        0.07       14.24
      60342 |          1        0.07       14.31
      60365 |          1        0.07       14.37
      60474 |          1        0.07       14.44
      60481 |          2        0.14       14.58
      60482 |          2        0.14       14.72
      60542 |          1        0.07       14.78
      60543 |          2        0.14       14.92
      60545 |          1        0.07       14.99
      60658 |          1        0.07       15.06
      61126 |          2        0.14       15.20
      61146 |          1        0.07       15.26
      61451 |          1        0.07       15.33
      61671 |          1        0.07       15.40
      62311 |          1        0.07       15.47
      62514 |          1        0.07       15.54
      63109 |          2        0.14       15.67
      63570 |          1        0.07       15.74
      63829 |          1        0.07       15.81
      64333 |          3        0.21       16.02
      64698 |          1        0.07       16.08
      64930 |          1        0.07       16.15
      64962 |          1        0.07       16.22
      65483 |          1        0.07       16.29
      65707 |          1        0.07       16.36
      65727 |          2        0.14       16.50
      65998 |          2        0.14       16.63
      66227 |          1        0.07       16.70
      66770 |          1        0.07       16.77
      66920 |          1        0.07       16.84
      66933 |          1        0.07       16.91
      67008 |          1        0.07       16.97
      67419 |          1        0.07       17.04
      67421 |          1        0.07       17.11
      67494 |          1        0.07       17.18
      67498 |          1        0.07       17.25
      67684 |          2        0.14       17.39
      68140 |          1        0.07       17.45
      68149 |          1        0.07       17.52
      68409 |          1        0.07       17.59
      68511 |          1        0.07       17.66
      68897 |          1        0.07       17.73
      69207 |          1        0.07       17.80
      69208 |          1        0.07       17.86
      69952 |          1        0.07       17.93
      70203 |          1        0.07       18.00
      70446 |          1        0.07       18.07
      70928 |          1        0.07       18.14
      70937 |          1        0.07       18.21
      70948 |          1        0.07       18.28
      71200 |          1        0.07       18.34
      71240 |          1        0.07       18.41
      71244 |          4        0.27       18.69
      71245 |          1        0.07       18.75
      71468 |          1        0.07       18.82
      71482 |          1        0.07       18.89
      71689 |          1        0.07       18.96
      71974 |          1        0.07       19.03
      71975 |          2        0.14       19.16
      71979 |          1        0.07       19.23
      72451 |          1        0.07       19.30
      72573 |          3        0.21       19.51
      73079 |          3        0.21       19.71
      73828 |          1        0.07       19.78
      73890 |          1        0.07       19.85
      74068 |          1        0.07       19.92
      74395 |          2        0.14       20.05
      74481 |          1        0.07       20.12
      75124 |          1        0.07       20.19
      75183 |          2        0.14       20.33
      75184 |          1        0.07       20.40
      75313 |          1        0.07       20.47
      75320 |          1        0.07       20.53
      75535 |          1        0.07       20.60
      75536 |          5        0.34       20.94
      75538 |          1        0.07       21.01
      76183 |          1        0.07       21.08
      76466 |          1        0.07       21.15
      76689 |          1        0.07       21.22
      76723 |          1        0.07       21.29
      76909 |          2        0.14       21.42
      76997 |          2        0.14       21.56
      77212 |          1        0.07       21.63
      77275 |          1        0.07       21.70
      77342 |          1        0.07       21.77
      77343 |          1        0.07       21.83
      77430 |          1        0.07       21.90
      77467 |          1        0.07       21.97
      77519 |          1        0.07       22.04
      77670 |          1        0.07       22.11
      77814 |          2        0.14       22.25
      77913 |          2        0.14       22.38
      78147 |          1        0.07       22.45
      78179 |          1        0.07       22.52
      78197 |          2        0.14       22.66
      78266 |          1        0.07       22.72
      78306 |          1        0.07       22.79
      78427 |          1        0.07       22.86
      78447 |          1        0.07       22.93
      78673 |          1        0.07       23.00
      78954 |          1        0.07       23.07
      78962 |          1        0.07       23.13
      79203 |          1        0.07       23.20
      79339 |          1        0.07       23.27
      79485 |          1        0.07       23.34
      79723 |          2        0.14       23.48
      80272 |          1        0.07       23.55
      81391 |          1        0.07       23.61
      81966 |          2        0.14       23.75
      82509 |          1        0.07       23.82
      83598 |          1        0.07       23.89
      83966 |          1        0.07       23.96
      84012 |          1        0.07       24.02
      84020 |          1        0.07       24.09
      84021 |          1        0.07       24.16
      84251 |          1        0.07       24.23
      84351 |          2        0.14       24.37
      84356 |          1        0.07       24.44
      84768 |          2        0.14       24.57
      85040 |          3        0.21       24.78
      85112 |          1        0.07       24.85
      85411 |          1        0.07       24.91
      85757 |          1        0.07       24.98
      85832 |          1        0.07       25.05
      85839 |          1        0.07       25.12
      85906 |          1        0.07       25.19
      86318 |          1        0.07       25.26
      87512 |          2        0.14       25.39
      87760 |          2        0.14       25.53
      88331 |          1        0.07       25.60
      88336 |          1        0.07       25.67
      88582 |          1        0.07       25.74
      88643 |          1        0.07       25.80
      89956 |          1        0.07       25.87
      90965 |          1        0.07       25.94
      91199 |          1        0.07       26.01
      91283 |          1        0.07       26.08
      91667 |          1        0.07       26.15
      91861 |          1        0.07       26.21
      91900 |          1        0.07       26.28
      92269 |          1        0.07       26.35
      92586 |          1        0.07       26.42
      92880 |          1        0.07       26.49
      92944 |          1        0.07       26.56
      92945 |          1        0.07       26.63
      93045 |          1        0.07       26.69
      93938 |          1        0.07       26.76
      94466 |          2        0.14       26.90
      94834 |          1        0.07       26.97
      94835 |          1        0.07       27.04
      95092 |          1        0.07       27.10
      95147 |          1        0.07       27.17
      95403 |          1        0.07       27.24
      95461 |          1        0.07       27.31
      95752 |          2        0.14       27.45
      95766 |          2        0.14       27.58
      96085 |          1        0.07       27.65
      96381 |          1        0.07       27.72
      96721 |          1        0.07       27.79
      96725 |          1        0.07       27.86
      96728 |          1        0.07       27.93
      96730 |          1        0.07       27.99
      96960 |          2        0.14       28.13
      97018 |          1        0.07       28.20
      97059 |          1        0.07       28.27
      97283 |          1        0.07       28.34
      97671 |          1        0.07       28.41
      97674 |          1        0.07       28.47
      98030 |          1        0.07       28.54
      98038 |          3        0.21       28.75
      98138 |          1        0.07       28.82
      98291 |          2        0.14       28.95
      98754 |          1        0.07       29.02
      99088 |          1        0.07       29.09
      99106 |          1        0.07       29.16
      99107 |          1        0.07       29.23
      99474 |          1        0.07       29.30
      99668 |          1        0.07       29.36
      99773 |          1        0.07       29.43
     100463 |          1        0.07       29.50
     100541 |          1        0.07       29.57
     100819 |          1        0.07       29.64
     100836 |          1        0.07       29.71
     101152 |          1        0.07       29.77
     101191 |          1        0.07       29.84
     101265 |          1        0.07       29.91
     101515 |          1        0.07       29.98
     101549 |          1        0.07       30.05
     101862 |          3        0.21       30.25
     101878 |          1        0.07       30.32
     101886 |          2        0.14       30.46
     102273 |          1        0.07       30.53
     102329 |          1        0.07       30.60
     102639 |          2        0.14       30.73
     102640 |          2        0.14       30.87
     102707 |          2        0.14       31.01
     102934 |          1        0.07       31.07
     103085 |          1        0.07       31.14
     103130 |          1        0.07       31.21
     103437 |          1        0.07       31.28
     103731 |          1        0.07       31.35
     103739 |          1        0.07       31.42
     103944 |          1        0.07       31.49
     104154 |          1        0.07       31.55
     104173 |          1        0.07       31.62
     104519 |          1        0.07       31.69
     104521 |          5        0.34       32.03
     104900 |          1        0.07       32.10
     104902 |          2        0.14       32.24
     105158 |          2        0.14       32.38
     105339 |          1        0.07       32.44
     105483 |          1        0.07       32.51
     105783 |          1        0.07       32.58
     105817 |          1        0.07       32.65
     105833 |          1        0.07       32.72
     105949 |          1        0.07       32.79
     105982 |          1        0.07       32.85
     105985 |          2        0.14       32.99
     106213 |          1        0.07       33.06
     106525 |          1        0.07       33.13
     106577 |          1        0.07       33.20
     106723 |          1        0.07       33.26
     106726 |          2        0.14       33.40
     106922 |          1        0.07       33.47
     106964 |          1        0.07       33.54
     107123 |          1        0.07       33.61
     107290 |          1        0.07       33.68
     107306 |          1        0.07       33.74
     107514 |          1        0.07       33.81
     107518 |          2        0.14       33.95
     107677 |          2        0.14       34.09
     107742 |          1        0.07       34.15
     107751 |          2        0.14       34.29
     107917 |          1        0.07       34.36
     108159 |          3        0.21       34.57
     108164 |          1        0.07       34.63
     108499 |          1        0.07       34.70
     108528 |          1        0.07       34.77
     108666 |          1        0.07       34.84
     108754 |          1        0.07       34.91
     109561 |          1        0.07       34.98
     109686 |          1        0.07       35.04
     109729 |          1        0.07       35.11
     109756 |          2        0.14       35.25
     109763 |          1        0.07       35.32
     109889 |          2        0.14       35.46
     109960 |          1        0.07       35.52
     110131 |          1        0.07       35.59
     110174 |          3        0.21       35.80
     110296 |          2        0.14       35.93
     110353 |          3        0.21       36.14
     110382 |          1        0.07       36.21
     110570 |          2        0.14       36.34
     110690 |          2        0.14       36.48
     110779 |          3        0.21       36.69
     111061 |          1        0.07       36.76
     111073 |          1        0.07       36.82
     111085 |          1        0.07       36.89
     111155 |          1        0.07       36.96
     111454 |          1        0.07       37.03
     111488 |          1        0.07       37.10
     111489 |          1        0.07       37.17
     111560 |          2        0.14       37.30
     111564 |          1        0.07       37.37
     111784 |          1        0.07       37.44
     111869 |          1        0.07       37.51
     111886 |          1        0.07       37.58
     111934 |          1        0.07       37.65
     111978 |          5        0.34       37.99
     111979 |          1        0.07       38.06
     112262 |          3        0.21       38.26
     112291 |          2        0.14       38.40
     112316 |          1        0.07       38.47
     112463 |          3        0.21       38.67
     112697 |          1        0.07       38.74
     112698 |          1        0.07       38.81
     112711 |          2        0.14       38.95
     112748 |          1        0.07       39.01
     112973 |          2        0.14       39.15
     113127 |          1        0.07       39.22
     113317 |          1        0.07       39.29
     113320 |          1        0.07       39.36
     113371 |          1        0.07       39.43
     113461 |          1        0.07       39.49
     113462 |          3        0.21       39.70
     113541 |          3        0.21       39.90
     113561 |          1        0.07       39.97
     113865 |          2        0.14       40.11
     113894 |          2        0.14       40.25
     113948 |          1        0.07       40.31
     114054 |          2        0.14       40.45
     114078 |          2        0.14       40.59
     114126 |          1        0.07       40.66
     114171 |          1        0.07       40.73
     114175 |          1        0.07       40.79
     114260 |          2        0.14       40.93
     114295 |          1        0.07       41.00
     114345 |          1        0.07       41.07
     114351 |          1        0.07       41.14
     114555 |          1        0.07       41.20
     114558 |          2        0.14       41.34
     114562 |          1        0.07       41.41
     114653 |          2        0.14       41.55
     114928 |          1        0.07       41.62
     114968 |          1        0.07       41.68
     115060 |          1        0.07       41.75
     115325 |          1        0.07       41.82
     115364 |          2        0.14       41.96
     115559 |          1        0.07       42.03
     115560 |          2        0.14       42.16
     115580 |          1        0.07       42.23
     115974 |          2        0.14       42.37
     116580 |          1        0.07       42.44
     116701 |          2        0.14       42.57
     116828 |          3        0.21       42.78
     117013 |          1        0.07       42.85
     117017 |          1        0.07       42.92
     117097 |          1        0.07       42.98
     117208 |          2        0.14       43.12
     117217 |          1        0.07       43.19
     117232 |          1        0.07       43.26
     117397 |          1        0.07       43.33
     117623 |          1        0.07       43.39
     118023 |          1        0.07       43.46
     118046 |          3        0.21       43.67
     118047 |          3        0.21       43.87
     118242 |          1        0.07       43.94
     118392 |          1        0.07       44.01
     118455 |          1        0.07       44.08
     118465 |          1        0.07       44.15
     118772 |          1        0.07       44.22
     118833 |          1        0.07       44.28
     118887 |          1        0.07       44.35
     119116 |          1        0.07       44.42
     119330 |          1        0.07       44.49
     119332 |          1        0.07       44.56
     119363 |          1        0.07       44.63
     119427 |          2        0.14       44.76
     119566 |          1        0.07       44.83
     119633 |          1        0.07       44.90
     119701 |          1        0.07       44.97
     120107 |          2        0.14       45.11
     120192 |          1        0.07       45.17
     120244 |          2        0.14       45.31
     120251 |          2        0.14       45.45
     120605 |          1        0.07       45.52
     120608 |          1        0.07       45.59
     120632 |          1        0.07       45.65
     120635 |          1        0.07       45.72
     120710 |          1        0.07       45.79
     120875 |          1        0.07       45.86
     120901 |          2        0.14       46.00
     120925 |          1        0.07       46.06
     121043 |          1        0.07       46.13
     121044 |          1        0.07       46.20
     121045 |          2        0.14       46.34
     121047 |          1        0.07       46.41
     121112 |          1        0.07       46.48
     121153 |          1        0.07       46.54
     121165 |          2        0.14       46.68
     121343 |          1        0.07       46.75
     121451 |          2        0.14       46.89
     121835 |          1        0.07       46.95
     121870 |          1        0.07       47.02
     122206 |          1        0.07       47.09
     122273 |          1        0.07       47.16
     122288 |          1        0.07       47.23
     122291 |          2        0.14       47.36
     122387 |          1        0.07       47.43
     122587 |          1        0.07       47.50
     122588 |          1        0.07       47.57
     122795 |          1        0.07       47.64
     122800 |          1        0.07       47.71
     122803 |          1        0.07       47.78
     122873 |          1        0.07       47.84
     123054 |          1        0.07       47.91
     123206 |          1        0.07       47.98
     123208 |          1        0.07       48.05
     123455 |          1        0.07       48.12
     123484 |          1        0.07       48.19
     123485 |          1        0.07       48.25
     123650 |          1        0.07       48.32
     123889 |          1        0.07       48.39
     123892 |          4        0.27       48.67
     124284 |          4        0.27       48.94
     124285 |          2        0.14       49.08
     124402 |          1        0.07       49.14
     124521 |          1        0.07       49.21
     124677 |          1        0.07       49.28
     124709 |          2        0.14       49.42
     124910 |          1        0.07       49.49
     124913 |          1        0.07       49.56
     124914 |          1        0.07       49.62
     125094 |          1        0.07       49.69
     125096 |          1        0.07       49.76
     125477 |          2        0.14       49.90
     125479 |          1        0.07       49.97
     125726 |          2        0.14       50.10
     125728 |          2        0.14       50.24
     125883 |          1        0.07       50.31
     126134 |          2        0.14       50.44
     126500 |          1        0.07       50.51
     126514 |          1        0.07       50.58
     126547 |          1        0.07       50.65
     126551 |          1        0.07       50.72
     126730 |          1        0.07       50.79
     126934 |          2        0.14       50.92
     126935 |          1        0.07       50.99
     126940 |          2        0.14       51.13
     127118 |          1        0.07       51.20
     127122 |          1        0.07       51.27
     127167 |          1        0.07       51.33
     127322 |          1        0.07       51.40
     127468 |          2        0.14       51.54
     127502 |          2        0.14       51.68
     127617 |          1        0.07       51.75
     127619 |          1        0.07       51.81
     127839 |          1        0.07       51.88
     127853 |          2        0.14       52.02
     127886 |          1        0.07       52.09
     128226 |          1        0.07       52.16
     128613 |          1        0.07       52.22
     128623 |          1        0.07       52.29
     128654 |          1        0.07       52.36
     128921 |          1        0.07       52.43
     128942 |          2        0.14       52.57
     128955 |          1        0.07       52.64
     128974 |          1        0.07       52.70
     128977 |          1        0.07       52.77
     129063 |          1        0.07       52.84
     129085 |          1        0.07       52.91
     129146 |          1        0.07       52.98
     129173 |          1        0.07       53.05
     129297 |          2        0.14       53.18
     129301 |          1        0.07       53.25
     129316 |          3        0.21       53.46
     129321 |          1        0.07       53.52
     129328 |          2        0.14       53.66
     129336 |          1        0.07       53.73
     129340 |          1        0.07       53.80
     129426 |          1        0.07       53.87
     129515 |          2        0.14       54.00
     129650 |          2        0.14       54.14
     129660 |          2        0.14       54.28
     129721 |          1        0.07       54.35
     129895 |          1        0.07       54.41
     130002 |          1        0.07       54.48
     130035 |          1        0.07       54.55
     130054 |          2        0.14       54.69
     130077 |          1        0.07       54.76
     130083 |          1        0.07       54.83
     130095 |          5        0.34       55.17
     130096 |          2        0.14       55.30
     130187 |          1        0.07       55.37
     130192 |          1        0.07       55.44
     130273 |          1        0.07       55.51
     130293 |          2        0.14       55.65
     130403 |          2        0.14       55.78
     130406 |          2        0.14       55.92
     130462 |          1        0.07       55.99
     130478 |          1        0.07       56.06
     130481 |          1        0.07       56.13
     130591 |          1        0.07       56.19
     130671 |          1        0.07       56.26
     130802 |          1        0.07       56.33
     130839 |          1        0.07       56.40
     130848 |          2        0.14       56.54
     130870 |          1        0.07       56.61
     130883 |          1        0.07       56.67
     130885 |          1        0.07       56.74
     130886 |          1        0.07       56.81
     130888 |          3        0.21       57.02
     131005 |          1        0.07       57.08
     131186 |          1        0.07       57.15
     131228 |          1        0.07       57.22
     131246 |          2        0.14       57.36
     131251 |          1        0.07       57.43
     131255 |          1        0.07       57.49
     131256 |          1        0.07       57.56
     131470 |          1        0.07       57.63
     131475 |          2        0.14       57.77
     131479 |          1        0.07       57.84
     131630 |          2        0.14       57.97
     131632 |          2        0.14       58.11
     131652 |          5        0.34       58.45
     131653 |          1        0.07       58.52
     131657 |          1        0.07       58.59
     131659 |          1        0.07       58.66
     132003 |          1        0.07       58.73
     132026 |          1        0.07       58.80
     132028 |          3        0.21       59.00
     132037 |          1        0.07       59.07
     132046 |          1        0.07       59.14
     132047 |          1        0.07       59.21
     132048 |          2        0.14       59.34
     132156 |          1        0.07       59.41
     132221 |          1        0.07       59.48
     132353 |          1        0.07       59.55
     132381 |          1        0.07       59.62
     132409 |          1        0.07       59.69
     132413 |          1        0.07       59.75
     132434 |          1        0.07       59.82
     132614 |          1        0.07       59.89
     132728 |          1        0.07       59.96
     132793 |          1        0.07       60.03
     132984 |          1        0.07       60.10
     133080 |          1        0.07       60.16
     133147 |          2        0.14       60.30
     133168 |          1        0.07       60.37
     133366 |          2        0.14       60.51
     133545 |          1        0.07       60.57
     133561 |          1        0.07       60.64
     133756 |          1        0.07       60.71
     133948 |          1        0.07       60.78
     133955 |          1        0.07       60.85
     134276 |          2        0.14       60.99
     134633 |          1        0.07       61.05
     134635 |          2        0.14       61.19
     134639 |          1        0.07       61.26
     134645 |          1        0.07       61.33
     134819 |          1        0.07       61.40
     135285 |          1        0.07       61.46
     135292 |          2        0.14       61.60
     135517 |          1        0.07       61.67
     135521 |          1        0.07       61.74
     135922 |          2        0.14       61.88
     135923 |          1        0.07       61.94
     136016 |          1        0.07       62.01
     136062 |          1        0.07       62.08
     136262 |          1        0.07       62.15
     136269 |          1        0.07       62.22
     136391 |          1        0.07       62.29
     136557 |          1        0.07       62.35
     136625 |          1        0.07       62.42
     136626 |          1        0.07       62.49
     137228 |          1        0.07       62.56
     137938 |          1        0.07       62.63
     138553 |          1        0.07       62.70
     138714 |          1        0.07       62.77
     139084 |          1        0.07       62.83
     139435 |          1        0.07       62.90
     139441 |          2        0.14       63.04
     139468 |          1        0.07       63.11
     141217 |          1        0.07       63.18
     141341 |          1        0.07       63.24
     141494 |          1        0.07       63.31
     141705 |          1        0.07       63.38
     141791 |          1        0.07       63.45
     142056 |          1        0.07       63.52
     142099 |          1        0.07       63.59
     142468 |          1        0.07       63.66
     142485 |          2        0.14       63.79
     142648 |          1        0.07       63.86
     142799 |          1        0.07       63.93
     142954 |          1        0.07       64.00
     143052 |          1        0.07       64.07
     143481 |          1        0.07       64.13
     143585 |          1        0.07       64.20
     143923 |          1        0.07       64.27
     144553 |          1        0.07       64.34
     144684 |          1        0.07       64.41
     144765 |          1        0.07       64.48
     145062 |          3        0.21       64.68
     145082 |          1        0.07       64.75
     145292 |          3        0.21       64.96
     145533 |          1        0.07       65.02
     146239 |          1        0.07       65.09
     146598 |          1        0.07       65.16
     146617 |          1        0.07       65.23
     146663 |          1        0.07       65.30
     146688 |          2        0.14       65.43
     146990 |          2        0.14       65.57
     147052 |          1        0.07       65.64
     147270 |          1        0.07       65.71
     147275 |          1        0.07       65.78
     147341 |          1        0.07       65.85
     147436 |          1        0.07       65.91
     147602 |          2        0.14       66.05
     147605 |          2        0.14       66.19
     147689 |          1        0.07       66.26
     147709 |          1        0.07       66.32
     147933 |          1        0.07       66.39
     147961 |          1        0.07       66.46
     148053 |          1        0.07       66.53
     148311 |          1        0.07       66.60
     148431 |          1        0.07       66.67
     148520 |          1        0.07       66.74
     148579 |          1        0.07       66.80
     148629 |          1        0.07       66.87
     148717 |          1        0.07       66.94
     148898 |          1        0.07       67.01
     149457 |          1        0.07       67.08
     149584 |          1        0.07       67.15
     149591 |          1        0.07       67.21
     149735 |          1        0.07       67.28
     149916 |          2        0.14       67.42
     150035 |          1        0.07       67.49
     150250 |          3        0.21       67.69
     150660 |          1        0.07       67.76
     150779 |          1        0.07       67.83
     151119 |          2        0.14       67.97
     151186 |          1        0.07       68.04
     151187 |          4        0.27       68.31
     151294 |          1        0.07       68.38
     151409 |          1        0.07       68.45
     151414 |          1        0.07       68.51
     151420 |          1        0.07       68.58
     151445 |          1        0.07       68.65
     151620 |          2        0.14       68.79
     151910 |          1        0.07       68.86
     151927 |          1        0.07       68.93
     152209 |          1        0.07       68.99
     152234 |          1        0.07       69.06
     152244 |          1        0.07       69.13
     152264 |          2        0.14       69.27
     152364 |          4        0.27       69.54
     152447 |          1        0.07       69.61
     152700 |          2        0.14       69.75
     152826 |          1        0.07       69.82
     152959 |          1        0.07       69.88
     153687 |          1        0.07       69.95
     153688 |          3        0.21       70.16
     153693 |          1        0.07       70.23
     154020 |          3        0.21       70.43
     154051 |          1        0.07       70.50
     154177 |          1        0.07       70.57
     154214 |          1        0.07       70.64
     154230 |          1        0.07       70.70
     154421 |          2        0.14       70.84
     154494 |          1        0.07       70.91
     154533 |          1        0.07       70.98
     154562 |          2        0.14       71.12
     154811 |          2        0.14       71.25
     154932 |          1        0.07       71.32
     155115 |          1        0.07       71.39
     155118 |          1        0.07       71.46
     155156 |          2        0.14       71.59
     155157 |          1        0.07       71.66
     155484 |          1        0.07       71.73
     155502 |          2        0.14       71.87
     155536 |          1        0.07       71.94
     155700 |          1        0.07       72.01
     155740 |          1        0.07       72.07
     156075 |          1        0.07       72.14
     156191 |          1        0.07       72.21
     156192 |          2        0.14       72.35
     156391 |          1        0.07       72.42
     156448 |          2        0.14       72.55
     156788 |          1        0.07       72.62
     156862 |          1        0.07       72.69
     157688 |          1        0.07       72.76
     157725 |          1        0.07       72.83
     157800 |          1        0.07       72.90
     158107 |          1        0.07       72.96
     158130 |          3        0.21       73.17
     158302 |          2        0.14       73.31
     158557 |          1        0.07       73.37
     158865 |          1        0.07       73.44
     159323 |          1        0.07       73.51
     159745 |          1        0.07       73.58
     159832 |          2        0.14       73.72
     160285 |          1        0.07       73.79
     160303 |          1        0.07       73.85
     160440 |          1        0.07       73.92
     160613 |          1        0.07       73.99
     160677 |          3        0.21       74.20
     160700 |          1        0.07       74.26
     160732 |          1        0.07       74.33
     160733 |          2        0.14       74.47
     160734 |          2        0.14       74.61
     160735 |          1        0.07       74.67
     160855 |          1        0.07       74.74
     161094 |          4        0.27       75.02
     161246 |          1        0.07       75.09
     161399 |          1        0.07       75.15
     161477 |          2        0.14       75.29
     161532 |          3        0.21       75.50
     161575 |          1        0.07       75.56
     161587 |          1        0.07       75.63
     161782 |          1        0.07       75.70
     161783 |          1        0.07       75.77
     161818 |          2        0.14       75.91
     162423 |          1        0.07       75.98
     162922 |          1        0.07       76.04
     162927 |          1        0.07       76.11
     163148 |          1        0.07       76.18
     163234 |          1        0.07       76.25
     163249 |          1        0.07       76.32
     163482 |          1        0.07       76.39
     163903 |          1        0.07       76.45
     164524 |          1        0.07       76.52
     164528 |          3        0.21       76.73
     164647 |          1        0.07       76.80
     164649 |          3        0.21       77.00
     164660 |          1        0.07       77.07
     164851 |          1        0.07       77.14
     164972 |          1        0.07       77.21
     165168 |          2        0.14       77.34
     165477 |          2        0.14       77.48
     165478 |          2        0.14       77.62
     165798 |          1        0.07       77.69
     166455 |          1        0.07       77.75
     166762 |          1        0.07       77.82
     167313 |          1        0.07       77.89
     167983 |          1        0.07       77.96
     168036 |          4        0.27       78.23
     168328 |          1        0.07       78.30
     168348 |          1        0.07       78.37
     168364 |          1        0.07       78.44
     168380 |          2        0.14       78.58
     168853 |          1        0.07       78.64
     168988 |          1        0.07       78.71
     169288 |          1        0.07       78.78
     169297 |          1        0.07       78.85
     169308 |          1        0.07       78.92
     169485 |          1        0.07       78.99
     169602 |          1        0.07       79.06
     169609 |          1        0.07       79.12
     169696 |          1        0.07       79.19
     170592 |          1        0.07       79.26
     170594 |          1        0.07       79.33
     170666 |          1        0.07       79.40
     170909 |          1        0.07       79.47
     171232 |          4        0.27       79.74
     171562 |          1        0.07       79.81
     172085 |          1        0.07       79.88
     172213 |          1        0.07       79.95
     172214 |          1        0.07       80.01
     172520 |          1        0.07       80.08
     172530 |          1        0.07       80.15
     172534 |          1        0.07       80.22
     172537 |          1        0.07       80.29
     172770 |          1        0.07       80.36
     172840 |          1        0.07       80.42
     173173 |          3        0.21       80.63
     173178 |          1        0.07       80.70
     173183 |          1        0.07       80.77
     173185 |          1        0.07       80.84
     173196 |          1        0.07       80.90
     173221 |          3        0.21       81.11
     173490 |          1        0.07       81.18
     173494 |          1        0.07       81.25
     173495 |          3        0.21       81.45
     173496 |          5        0.34       81.79
     173498 |          1        0.07       81.86
     173846 |          1        0.07       81.93
     173856 |          1        0.07       82.00
     173858 |          1        0.07       82.07
     173865 |          1        0.07       82.14
     173888 |          1        0.07       82.20
     174155 |          1        0.07       82.27
     174181 |          2        0.14       82.41
     174182 |          1        0.07       82.48
     174192 |          1        0.07       82.55
     174193 |          2        0.14       82.68
     174323 |          2        0.14       82.82
     174480 |          1        0.07       82.89
     174500 |          1        0.07       82.96
     174516 |          2        0.14       83.09
     174793 |          1        0.07       83.16
     174814 |          1        0.07       83.23
     175099 |          1        0.07       83.30
     175425 |          1        0.07       83.37
     175434 |          2        0.14       83.50
     175718 |          1        0.07       83.57
     175720 |          1        0.07       83.64
     176010 |          1        0.07       83.71
     176370 |          2        0.14       83.85
     177390 |          1        0.07       83.92
     177754 |          1        0.07       83.98
     178035 |          1        0.07       84.05
     178238 |          1        0.07       84.12
     178727 |          1        0.07       84.19
     178734 |          1        0.07       84.26
     179026 |          1        0.07       84.33
     179358 |          1        0.07       84.39
     179675 |          1        0.07       84.46
     180012 |          1        0.07       84.53
     180153 |          1        0.07       84.60
     180301 |          1        0.07       84.67
     180451 |          1        0.07       84.74
     180454 |          1        0.07       84.80
     180730 |          1        0.07       84.87
     180780 |          1        0.07       84.94
     181219 |          1        0.07       85.01
     181559 |          1        0.07       85.08
     182122 |          1        0.07       85.15
     182314 |          1        0.07       85.22
     182473 |          1        0.07       85.28
     182649 |          2        0.14       85.42
     183121 |          1        0.07       85.49
     183268 |          1        0.07       85.56
     183272 |          2        0.14       85.69
     183789 |          1        0.07       85.76
     183812 |          4        0.27       86.04
     184837 |          1        0.07       86.11
     184930 |          1        0.07       86.17
     184936 |          1        0.07       86.24
     185109 |          1        0.07       86.31
     185111 |          2        0.14       86.45
     185183 |          1        0.07       86.52
     185472 |          1        0.07       86.58
     186371 |          2        0.14       86.72
     186378 |          1        0.07       86.79
     186592 |          1        0.07       86.86
     186768 |          1        0.07       86.93
     187033 |          1        0.07       87.00
     187302 |          1        0.07       87.06
     187466 |          3        0.21       87.27
     187574 |          2        0.14       87.41
     187664 |          1        0.07       87.47
     188377 |          1        0.07       87.54
     188429 |          1        0.07       87.61
     188734 |          1        0.07       87.68
     188860 |          2        0.14       87.82
     188905 |          1        0.07       87.89
     188976 |          1        0.07       87.95
     189266 |          1        0.07       88.02
     189495 |          1        0.07       88.09
     189527 |          1        0.07       88.16
     190258 |          1        0.07       88.23
     190259 |          1        0.07       88.30
     190282 |          2        0.14       88.43
     190283 |          1        0.07       88.50
     190285 |          1        0.07       88.57
     190746 |          6        0.41       88.98
     190811 |          1        0.07       89.05
     191275 |          1        0.07       89.12
     191512 |          1        0.07       89.19
     191517 |          1        0.07       89.25
     191588 |          1        0.07       89.32
     191775 |          1        0.07       89.39
     191908 |          1        0.07       89.46
     191909 |          2        0.14       89.60
     191911 |          1        0.07       89.66
     192046 |          1        0.07       89.73
     192579 |          1        0.07       89.80
     192709 |          1        0.07       89.87
     192773 |          1        0.07       89.94
     192774 |          4        0.27       90.21
     192946 |          1        0.07       90.28
     193559 |          1        0.07       90.35
     193849 |          3        0.21       90.55
     194075 |          2        0.14       90.69
     194178 |          1        0.07       90.76
     197118 |          1        0.07       90.83
     197409 |          1        0.07       90.90
     199287 |          3        0.21       91.10
     199290 |          1        0.07       91.17
     199336 |          1        0.07       91.24
     199448 |          1        0.07       91.31
     199838 |          1        0.07       91.38
     200681 |          1        0.07       91.44
     200926 |          1        0.07       91.51
     200963 |          1        0.07       91.58
     200964 |          1        0.07       91.65
     201264 |          1        0.07       91.72
     201311 |          1        0.07       91.79
     201554 |          1        0.07       91.85
     201600 |          1        0.07       91.92
     201832 |          1        0.07       91.99
     201846 |          1        0.07       92.06
     201848 |          1        0.07       92.13
     202394 |          1        0.07       92.20
     202402 |          1        0.07       92.27
     202411 |          1        0.07       92.33
     202412 |          2        0.14       92.47
     202690 |          1        0.07       92.54
     202691 |          1        0.07       92.61
     202702 |          1        0.07       92.68
     202705 |          1        0.07       92.74
     202999 |          1        0.07       92.81
     203015 |          1        0.07       92.88
     203306 |          1        0.07       92.95
     203316 |          1        0.07       93.02
     203325 |          1        0.07       93.09
     203489 |          2        0.14       93.22
     203504 |          1        0.07       93.29
     203599 |          1        0.07       93.36
     203804 |          1        0.07       93.43
     203810 |          1        0.07       93.50
     203812 |          1        0.07       93.57
     203956 |          1        0.07       93.63
     204009 |          1        0.07       93.70
     204408 |          1        0.07       93.77
     204514 |          1        0.07       93.84
     204826 |          1        0.07       93.91
     205288 |          1        0.07       93.98
     205937 |          2        0.14       94.11
     206481 |          1        0.07       94.18
     207991 |          1        0.07       94.25
     208209 |          2        0.14       94.39
     208301 |          1        0.07       94.46
     208302 |          1        0.07       94.52
     208315 |          2        0.14       94.66
     208489 |          1        0.07       94.73
     208741 |          1        0.07       94.80
     208955 |          1        0.07       94.87
     209534 |          3        0.21       95.07
     209665 |          1        0.07       95.14
     209774 |          1        0.07       95.21
     209906 |          2        0.14       95.35
     209964 |          1        0.07       95.41
     210375 |          1        0.07       95.48
     211029 |          1        0.07       95.55
     211031 |          1        0.07       95.62
     211035 |          1        0.07       95.69
     211247 |          1        0.07       95.76
     211274 |          1        0.07       95.82
     211550 |          1        0.07       95.89
     212306 |          1        0.07       95.96
     212307 |          1        0.07       96.03
     212936 |          1        0.07       96.10
     215537 |          1        0.07       96.17
     215713 |          1        0.07       96.24
     215895 |          1        0.07       96.30
     215896 |          2        0.14       96.44
     217316 |          3        0.21       96.65
     217517 |          2        0.14       96.78
     217709 |          1        0.07       96.85
     217784 |          1        0.07       96.92
     217989 |          1        0.07       96.99
     218229 |          1        0.07       97.06
     218302 |          1        0.07       97.13
     218785 |          1        0.07       97.19
     218799 |          1        0.07       97.26
     219059 |          1        0.07       97.33
     219185 |          1        0.07       97.40
     220478 |          1        0.07       97.47
     220515 |          1        0.07       97.54
     220586 |          1        0.07       97.60
     220605 |          1        0.07       97.67
     220796 |          1        0.07       97.74
     220946 |          1        0.07       97.81
     220968 |          2        0.14       97.95
     221088 |          2        0.14       98.08
     221252 |          3        0.21       98.29
     221272 |          1        0.07       98.36
     221279 |          2        0.14       98.49
     221589 |          1        0.07       98.56
     221756 |          1        0.07       98.63
     222535 |          1        0.07       98.70
     222578 |          1        0.07       98.77
     222579 |          4        0.27       99.04
     222669 |          1        0.07       99.11
     222821 |          1        0.07       99.18
     222956 |          1        0.07       99.25
     222963 |          1        0.07       99.32
     223222 |          2        0.14       99.45
     223447 |          2        0.14       99.59
     223448 |          1        0.07       99.66
     223496 |          2        0.14       99.79
     226144 |          1        0.07       99.86
     226724 |          1        0.07       99.93
     227290 |          1        0.07      100.00
------------+-----------------------------------
      Total |      1,461      100.00
r; t=0.36 10:37:16

. 
. ***exclude Kreise with PRE_N<5 
. *drop           if PRE_N<5
. 
. ***Coefficient of Variation of Prejudice per NH
. gen             PRE_cv=PRE_sd/PRE_mean
(4,132 missing values generated)
r; t=0.00 10:37:16

. sum             PRE_cv

    Variable |        Obs        Mean    Std. dev.       Min        Max
-------------+---------------------------------------------------------
      PRE_cv |      4,595    .3232885    .1949116          0   1.272792
r; t=0.01 10:37:16

. 
. ***Variety (Spread) of Prejudice per NH
. sort            welle geo_grid_cell PRE
r; t=0.00 10:37:16

. by welle geo_grid_cell: egen PRE_max=max(PRE)
(1,461 missing values generated)
r; t=0.02 10:37:16

. by welle geo_grid_cell: egen PRE_min=min(PRE)
(1,461 missing values generated)
r; t=0.01 10:37:16

. by welle geo_grid_cell: gen dist=PRE-PRE[_n-1]
(6,688 missing values generated)
r; t=0.00 10:37:16

. by welle geo_grid_cell: egen max_dist=max(dist)
(4,132 missing values generated)
r; t=0.00 10:37:16

. by welle geo_grid_cell: egen n_PRE=count(PRE)
r; t=0.00 10:37:16

. sum             PRE_max PRE_min n_PRE, d

                           PRE_max
-------------------------------------------------------------
      Percentiles      Smallest
 1%         14.4            2.4
 5%           22            3.2
10%           28            4.4       Obs               7,266
25%         38.2            4.4       Sum of wgt.       7,266

50%           50                      Mean           50.25885
                        Largest       Std. dev.      16.57445
75%           62            100
90%           72            100       Variance       274.7125
95%           76            100       Skewness       .0196818
99%         90.2            100       Kurtosis       2.764996

                           PRE_min
-------------------------------------------------------------
      Percentiles      Smallest
 1%            6              2
 5%         11.6              2
10%           16              2       Obs               7,266
25%         22.2              2       Sum of wgt.       7,266

50%           32                      Mean            33.7845
                        Largest       Std. dev.      15.31869
75%           44           89.6
90%           54           89.6       Variance       234.6624
95%           62             90       Skewness       .5992083
99%           76           93.8       Kurtosis       3.179897

                            n_PRE
-------------------------------------------------------------
      Percentiles      Smallest
 1%            0              0
 5%            0              0
10%            0              0       Obs               8,727
25%            1              0       Sum of wgt.       8,727

50%            2                      Mean            2.24132
                        Largest       Std. dev.      2.254945
75%            3             16
90%            5             16       Variance       5.084779
95%            7             16       Skewness        2.04356
99%           11             16       Kurtosis       9.094635
r; t=0.02 10:37:16

. gen             PRE_spr=(PRE_max-PRE_min)^2/((n-1)*(100-0)*max_dist)
(4,165 missing values generated)
r; t=0.01 10:37:16

. tab             PRE_spr

    PRE_spr |      Freq.     Percent        Cum.
------------+-----------------------------------
   2.11e-06 |         11        0.24        0.24
   2.23e-06 |          3        0.07        0.31
   2.60e-06 |          3        0.07        0.37
   2.74e-06 |          5        0.11        0.48
   3.06e-06 |          4        0.09        0.57
   3.49e-06 |          7        0.15        0.72
   3.88e-06 |          4        0.09        0.81
   4.19e-06 |          2        0.04        0.85
   5.07e-06 |          2        0.04        0.90
   5.22e-06 |          5        0.11        1.01
   5.67e-06 |          2        0.04        1.05
   5.76e-06 |          2        0.04        1.10
   5.95e-06 |          7        0.15        1.25
   6.21e-06 |          3        0.07        1.32
   6.25e-06 |          6        0.13        1.45
   6.26e-06 |          2        0.04        1.49
   7.37e-06 |          3        0.07        1.56
   8.00e-06 |          2        0.04        1.60
   8.09e-06 |          2        0.04        1.64
   8.37e-06 |          4        0.09        1.73
   8.77e-06 |          3        0.07        1.80
   8.79e-06 |          5        0.11        1.91
   8.82e-06 |          3        0.07        1.97
     .00001 |          2        0.04        2.02
   .0000107 |          4        0.09        2.10
   .0000108 |          2        0.04        2.15
    .000011 |          9        0.20        2.35
    .000011 |          2        0.04        2.39
   .0000111 |          4        0.09        2.48
   .0000112 |          2        0.04        2.52
   .0000115 |          3        0.07        2.59
   .0000116 |          6        0.13        2.72
   .0000117 |          8        0.18        2.89
   .0000126 |          2        0.04        2.94
   .0000129 |          2        0.04        2.98
   .0000129 |          2        0.04        3.02
   .0000143 |          4        0.09        3.11
   .0000143 |          6        0.13        3.24
   .0000145 |          3        0.07        3.31
   .0000146 |          2        0.04        3.35
   .0000156 |          5        0.11        3.46
   .0000158 |          2        0.04        3.51
   .0000159 |          2        0.04        3.55
   .0000159 |          3        0.07        3.62
   .0000161 |          6        0.13        3.75
   .0000167 |          3        0.07        3.81
   .0000168 |          2        0.04        3.86
    .000017 |          2        0.04        3.90
   .0000171 |          6        0.13        4.03
   .0000172 |          2        0.04        4.08
   .0000174 |          4        0.09        4.16
   .0000177 |          3        0.07        4.23
   .0000182 |          2        0.04        4.27
   .0000182 |          6        0.13        4.41
   .0000186 |          5        0.11        4.52
   .0000187 |          3        0.07        4.58
   .0000191 |          2        0.04        4.63
   .0000193 |          3        0.07        4.69
   .0000197 |         10        0.22        4.91
   .0000198 |          4        0.09        5.00
   .0000198 |          5        0.11        5.11
   .0000201 |          2        0.04        5.15
   .0000203 |          3        0.07        5.22
    .000021 |          2        0.04        5.26
   .0000212 |          3        0.07        5.33
   .0000214 |          3        0.07        5.39
   .0000217 |          6        0.13        5.52
   .0000224 |          2        0.04        5.57
    .000023 |          2        0.04        5.61
   .0000234 |          2        0.04        5.66
   .0000244 |          2        0.04        5.70
   .0000247 |          4        0.09        5.79
   .0000248 |          4        0.09        5.87
   .0000249 |          2        0.04        5.92
   .0000253 |          2        0.04        5.96
   .0000255 |          4        0.09        6.05
   .0000263 |          5        0.11        6.16
   .0000271 |          6        0.13        6.29
   .0000274 |          2        0.04        6.33
   .0000274 |          4        0.09        6.42
   .0000275 |          2        0.04        6.47
   .0000275 |          2        0.04        6.51
   .0000277 |          5        0.11        6.62
   .0000279 |          3        0.07        6.69
   .0000286 |          5        0.11        6.80
   .0000286 |          2        0.04        6.84
   .0000287 |          4        0.09        6.93
   .0000293 |          2        0.04        6.97
   .0000297 |          2        0.04        7.01
   .0000297 |          2        0.04        7.06
   .0000303 |          4        0.09        7.15
   .0000304 |          3        0.07        7.21
    .000031 |          2        0.04        7.26
   .0000316 |          4        0.09        7.34
   .0000316 |          2        0.04        7.39
   .0000316 |          2        0.04        7.43
   .0000321 |          3        0.07        7.50
   .0000328 |          4        0.09        7.58
   .0000329 |          6        0.13        7.72
   .0000331 |          4        0.09        7.80
   .0000333 |          4        0.09        7.89
   .0000336 |          4        0.09        7.98
   .0000336 |          2        0.04        8.02
    .000034 |          2        0.04        8.07
   .0000344 |          2        0.04        8.11
    .000035 |          2        0.04        8.15
   .0000353 |          2        0.04        8.20
   .0000353 |          4        0.09        8.29
   .0000355 |          2        0.04        8.33
   .0000355 |          2        0.04        8.37
   .0000358 |          5        0.11        8.48
    .000036 |          2        0.04        8.53
   .0000364 |          9        0.20        8.72
   .0000365 |          2        0.04        8.77
   .0000365 |          6        0.13        8.90
   .0000366 |          2        0.04        8.94
   .0000373 |          3        0.07        9.01
   .0000383 |          3        0.07        9.07
   .0000384 |          3        0.07        9.14
   .0000384 |          4        0.09        9.23
   .0000388 |          3        0.07        9.29
   .0000391 |          3        0.07        9.36
   .0000397 |          3        0.07        9.43
   .0000397 |          2        0.04        9.47
   .0000398 |          8        0.18        9.64
   .0000411 |          2        0.04        9.69
   .0000415 |          4        0.09        9.78
   .0000419 |          2        0.04        9.82
    .000042 |          3        0.07        9.89
    .000042 |          2        0.04        9.93
   .0000422 |          5        0.11       10.04
   .0000423 |          3        0.07       10.11
   .0000424 |          2        0.04       10.15
   .0000436 |          2        0.04       10.19
   .0000438 |          5        0.11       10.30
   .0000442 |          2        0.04       10.35
   .0000443 |          5        0.11       10.46
   .0000445 |          2        0.04       10.50
   .0000446 |          4        0.09       10.59
   .0000446 |          4        0.09       10.68
   .0000447 |          2        0.04       10.72
   .0000449 |          3        0.07       10.78
   .0000456 |          2        0.04       10.83
   .0000457 |          2        0.04       10.87
   .0000459 |          3        0.07       10.94
   .0000465 |          3        0.07       11.00
   .0000466 |          5        0.11       11.11
   .0000474 |          2        0.04       11.16
   .0000483 |          5        0.11       11.27
    .000049 |          2        0.04       11.31
   .0000491 |          2        0.04       11.35
   .0000503 |          2        0.04       11.40
   .0000504 |          2        0.04       11.44
   .0000505 |          3        0.07       11.51
    .000051 |          3        0.07       11.57
   .0000515 |         11        0.24       11.81
   .0000515 |          2        0.04       11.86
   .0000516 |          3        0.07       11.92
   .0000517 |          3        0.07       11.99
   .0000518 |          3        0.07       12.06
   .0000519 |          5        0.11       12.17
   .0000526 |          3        0.07       12.23
    .000053 |          3        0.07       12.30
   .0000531 |          3        0.07       12.36
   .0000532 |          4        0.09       12.45
   .0000534 |          7        0.15       12.60
   .0000535 |          3        0.07       12.67
   .0000536 |          3        0.07       12.74
   .0000537 |          4        0.09       12.82
   .0000545 |          2        0.04       12.87
   .0000545 |          2        0.04       12.91
   .0000546 |          2        0.04       12.95
   .0000547 |          9        0.20       13.15
   .0000548 |          3        0.07       13.22
   .0000549 |          2        0.04       13.26
   .0000558 |          2        0.04       13.31
   .0000579 |          4        0.09       13.39
   .0000581 |          3        0.07       13.46
   .0000588 |          3        0.07       13.52
   .0000591 |          2        0.04       13.57
   .0000597 |          5        0.11       13.68
   .0000602 |          2        0.04       13.72
   .0000603 |          5        0.11       13.83
   .0000606 |          2        0.04       13.88
   .0000608 |          2        0.04       13.92
   .0000619 |          2        0.04       13.96
    .000062 |          4        0.09       14.05
   .0000626 |          8        0.18       14.23
   .0000627 |          2        0.04       14.27
   .0000628 |          2        0.04       14.31
   .0000635 |          4        0.09       14.40
   .0000651 |          2        0.04       14.45
   .0000654 |          2        0.04       14.49
   .0000655 |          2        0.04       14.53
   .0000658 |          2        0.04       14.58
   .0000659 |          5        0.11       14.69
    .000066 |         10        0.22       14.91
    .000066 |          3        0.07       14.97
   .0000663 |          2        0.04       15.02
   .0000667 |          4        0.09       15.10
   .0000671 |          3        0.07       15.17
   .0000678 |          9        0.20       15.37
    .000068 |          4        0.09       15.45
   .0000691 |          5        0.11       15.56
   .0000693 |          2        0.04       15.61
   .0000696 |          4        0.09       15.69
   .0000698 |          2        0.04       15.74
   .0000699 |          8        0.18       15.91
   .0000699 |         11        0.24       16.16
   .0000701 |          3        0.07       16.22
   .0000702 |          2        0.04       16.26
   .0000706 |          2        0.04       16.31
   .0000708 |          2        0.04       16.35
    .000071 |          7        0.15       16.51
   .0000723 |          2        0.04       16.55
   .0000724 |          2        0.04       16.59
   .0000727 |          6        0.13       16.73
   .0000728 |          2        0.04       16.77
    .000073 |          5        0.11       16.88
   .0000733 |          4        0.09       16.97
   .0000735 |          2        0.04       17.01
   .0000749 |          2        0.04       17.05
   .0000771 |          3        0.07       17.12
   .0000778 |          8        0.18       17.30
   .0000783 |          6        0.13       17.43
   .0000789 |          3        0.07       17.49
   .0000793 |          6        0.13       17.62
   .0000795 |          9        0.20       17.82
   .0000798 |          3        0.07       17.89
     .00008 |          9        0.20       18.08
   .0000802 |          9        0.20       18.28
   .0000811 |          4        0.09       18.37
   .0000816 |          2        0.04       18.41
   .0000823 |          4        0.09       18.50
   .0000825 |          6        0.13       18.63
   .0000834 |          3        0.07       18.70
   .0000838 |          3        0.07       18.76
    .000084 |          2        0.04       18.81
   .0000847 |          7        0.15       18.96
   .0000849 |          7        0.15       19.11
   .0000865 |          2        0.04       19.16
   .0000869 |          4        0.09       19.25
   .0000887 |          6        0.13       19.38
    .000089 |         10        0.22       19.60
   .0000891 |          3        0.07       19.66
   .0000892 |         12        0.26       19.93
   .0000893 |          4        0.09       20.01
   .0000895 |         11        0.24       20.25
   .0000898 |          3        0.07       20.32
   .0000898 |          2        0.04       20.36
   .0000901 |          6        0.13       20.50
   .0000901 |          2        0.04       20.54
   .0000904 |          3        0.07       20.60
   .0000905 |          4        0.09       20.69
   .0000907 |          2        0.04       20.74
    .000091 |          4        0.09       20.82
   .0000925 |          2        0.04       20.87
   .0000936 |          6        0.13       21.00
   .0000937 |         10        0.22       21.22
   .0000938 |          4        0.09       21.31
   .0000939 |          3        0.07       21.37
   .0000941 |          5        0.11       21.48
   .0000943 |          7        0.15       21.64
    .000096 |          3        0.07       21.70
   .0000962 |          2        0.04       21.74
   .0000962 |          3        0.07       21.81
   .0000963 |          2        0.04       21.85
   .0000966 |          5        0.11       21.96
   .0000968 |          3        0.07       22.03
   .0000968 |          2        0.04       22.07
   .0000969 |         10        0.22       22.29
   .0000969 |          4        0.09       22.38
   .0000976 |          3        0.07       22.45
    .000098 |          2        0.04       22.49
    .000099 |          6        0.13       22.62
   .0000991 |          5        0.11       22.73
   .0000992 |          2        0.04       22.78
   .0000997 |          2        0.04       22.82
   .0001004 |          4        0.09       22.91
   .0001012 |          4        0.09       22.99
   .0001012 |          7        0.15       23.15
   .0001013 |          9        0.20       23.35
   .0001013 |          3        0.07       23.41
   .0001014 |          2        0.04       23.45
   .0001019 |          3        0.07       23.52
   .0001022 |          2        0.04       23.56
   .0001026 |          6        0.13       23.70
   .0001031 |         10        0.22       23.91
   .0001033 |          3        0.07       23.98
   .0001034 |          4        0.09       24.07
    .000105 |          2        0.04       24.11
   .0001058 |          3        0.07       24.18
    .000106 |          4        0.09       24.27
   .0001061 |          2        0.04       24.31
   .0001066 |          2        0.04       24.35
    .000107 |          7        0.15       24.51
    .000107 |          6        0.13       24.64
   .0001074 |          4        0.09       24.73
   .0001097 |          2        0.04       24.77
   .0001115 |          3        0.07       24.84
   .0001117 |          2        0.04       24.88
   .0001118 |          2        0.04       24.92
    .000112 |          2        0.04       24.97
    .000114 |          6        0.13       25.10
   .0001141 |          2        0.04       25.14
   .0001147 |          2        0.04       25.19
   .0001159 |          4        0.09       25.27
    .000116 |          2        0.04       25.32
   .0001172 |          7        0.15       25.47
   .0001181 |          2        0.04       25.52
   .0001189 |          4        0.09       25.60
   .0001189 |          8        0.18       25.78
   .0001196 |          4        0.09       25.87
    .000122 |          4        0.09       25.95
   .0001227 |          2        0.04       26.00
   .0001228 |          2        0.04       26.04
   .0001236 |          3        0.07       26.11
    .000124 |          4        0.09       26.19
   .0001242 |          2        0.04       26.24
   .0001255 |         13        0.28       26.52
   .0001264 |          2        0.04       26.57
   .0001266 |          2        0.04       26.61
   .0001268 |          7        0.15       26.76
   .0001275 |          5        0.11       26.87
   .0001288 |          3        0.07       26.94
   .0001291 |          3        0.07       27.01
   .0001291 |          8        0.18       27.18
   .0001295 |          2        0.04       27.22
   .0001298 |          4        0.09       27.31
   .0001304 |          2        0.04       27.36
   .0001305 |          3        0.07       27.42
    .000131 |          6        0.13       27.55
   .0001316 |          7        0.15       27.71
   .0001317 |          2        0.04       27.75
   .0001317 |          2        0.04       27.79
   .0001321 |         15        0.33       28.12
   .0001328 |          9        0.20       28.32
   .0001331 |          5        0.11       28.43
   .0001337 |          4        0.09       28.52
   .0001342 |          2        0.04       28.56
   .0001343 |          5        0.11       28.67
    .000135 |          4        0.09       28.76
   .0001353 |          3        0.07       28.83
   .0001354 |          6        0.13       28.96
   .0001372 |          2        0.04       29.00
   .0001378 |          2        0.04       29.04
    .000138 |          2        0.04       29.09
   .0001389 |          2        0.04       29.13
   .0001393 |          2        0.04       29.18
   .0001397 |          3        0.07       29.24
   .0001414 |          6        0.13       29.37
   .0001416 |          2        0.04       29.42
   .0001417 |          4        0.09       29.50
   .0001423 |          6        0.13       29.64
   .0001423 |          5        0.11       29.75
   .0001426 |          2        0.04       29.79
   .0001426 |          2        0.04       29.83
   .0001426 |          2        0.04       29.88
   .0001447 |          2        0.04       29.92
   .0001447 |          3        0.07       29.99
    .000146 |          5        0.11       30.10
    .000146 |          2        0.04       30.14
   .0001461 |          2        0.04       30.18
   .0001465 |          7        0.15       30.34
   .0001466 |          4        0.09       30.43
   .0001469 |          4        0.09       30.51
    .000147 |          7        0.15       30.67
   .0001471 |          2        0.04       30.71
   .0001477 |          6        0.13       30.84
   .0001482 |          3        0.07       30.91
   .0001488 |          5        0.11       31.02
   .0001495 |          6        0.13       31.15
   .0001496 |          7        0.15       31.30
   .0001504 |          7        0.15       31.46
   .0001514 |          3        0.07       31.52
   .0001521 |          3        0.07       31.59
   .0001521 |          4        0.09       31.67
    .000154 |         13        0.28       31.96
   .0001542 |          4        0.09       32.05
   .0001556 |          2        0.04       32.09
   .0001559 |          2        0.04       32.14
   .0001562 |          3        0.07       32.20
    .000157 |          2        0.04       32.24
   .0001572 |          5        0.11       32.35
   .0001575 |         16        0.35       32.70
   .0001584 |          9        0.20       32.90
   .0001586 |          6        0.13       33.03
   .0001587 |          7        0.15       33.19
   .0001589 |          2        0.04       33.23
   .0001591 |          7        0.15       33.38
     .00016 |          2        0.04       33.43
    .000161 |          5        0.11       33.54
   .0001619 |          3        0.07       33.60
    .000162 |          2        0.04       33.65
   .0001627 |          3        0.07       33.71
   .0001631 |          2        0.04       33.76
   .0001631 |          9        0.20       33.95
   .0001632 |          2        0.04       34.00
   .0001635 |          4        0.09       34.09
   .0001639 |          6        0.13       34.22
   .0001647 |         14        0.31       34.52
   .0001658 |          2        0.04       34.57
   .0001664 |          7        0.15       34.72
   .0001667 |          2        0.04       34.77
   .0001668 |          4        0.09       34.85
   .0001672 |          7        0.15       35.01
   .0001674 |          2        0.04       35.05
   .0001676 |          7        0.15       35.20
   .0001684 |          2        0.04       35.25
   .0001686 |          5        0.11       35.36
   .0001699 |          5        0.11       35.47
   .0001701 |          4        0.09       35.55
   .0001702 |          2        0.04       35.60
   .0001713 |          2        0.04       35.64
   .0001725 |         13        0.28       35.93
   .0001728 |          4        0.09       36.01
   .0001755 |          5        0.11       36.12
   .0001761 |          4        0.09       36.21
   .0001767 |          6        0.13       36.34
   .0001773 |          4        0.09       36.43
   .0001782 |         11        0.24       36.67
   .0001784 |          8        0.18       36.85
   .0001786 |          5        0.11       36.96
   .0001791 |          2        0.04       37.00
   .0001797 |          5        0.11       37.11
   .0001802 |          4        0.09       37.20
   .0001804 |          4        0.09       37.29
   .0001808 |          3        0.07       37.35
    .000181 |          2        0.04       37.40
    .000182 |          3        0.07       37.46
   .0001821 |          6        0.13       37.59
   .0001829 |         14        0.31       37.90
   .0001842 |          4        0.09       37.99
   .0001876 |          4        0.09       38.08
   .0001877 |          3        0.07       38.14
   .0001881 |         20        0.44       38.58
   .0001887 |          3        0.07       38.65
   .0001889 |          3        0.07       38.71
   .0001893 |          4        0.09       38.80
   .0001901 |          3        0.07       38.86
   .0001901 |         11        0.24       39.11
   .0001908 |          7        0.15       39.26
   .0001915 |          5        0.11       39.37
   .0001919 |          8        0.18       39.54
    .000193 |          7        0.15       39.70
   .0001938 |          7        0.15       39.85
   .0001942 |          2        0.04       39.89
   .0001956 |          2        0.04       39.94
    .000198 |          2        0.04       39.98
   .0001997 |          4        0.09       40.07
   .0002004 |         12        0.26       40.33
   .0002009 |          2        0.04       40.38
   .0002013 |          3        0.07       40.44
   .0002015 |          3        0.07       40.51
   .0002023 |          6        0.13       40.64
   .0002024 |          4        0.09       40.73
   .0002029 |          3        0.07       40.79
   .0002041 |          5        0.11       40.90
   .0002043 |          2        0.04       40.95
   .0002083 |          4        0.09       41.03
   .0002084 |         11        0.24       41.28
   .0002094 |          7        0.15       41.43
   .0002122 |          5        0.11       41.54
   .0002132 |          2        0.04       41.58
   .0002138 |         15        0.33       41.91
   .0002151 |          7        0.15       42.06
   .0002165 |          2        0.04       42.11
   .0002166 |          5        0.11       42.22
    .000218 |          6        0.13       42.35
   .0002181 |          4        0.09       42.44
   .0002182 |          9        0.20       42.63
   .0002192 |          3        0.07       42.70
   .0002196 |          8        0.18       42.88
   .0002201 |          7        0.15       43.03
   .0002207 |          2        0.04       43.07
   .0002216 |          7        0.15       43.23
   .0002229 |          3        0.07       43.29
   .0002237 |          7        0.15       43.45
   .0002238 |          3        0.07       43.51
   .0002239 |          5        0.11       43.62
   .0002239 |          2        0.04       43.67
   .0002244 |          2        0.04       43.71
   .0002252 |          4        0.09       43.80
   .0002266 |          2        0.04       43.84
   .0002287 |          2        0.04       43.88
   .0002292 |          2        0.04       43.93
   .0002293 |          3        0.07       43.99
   .0002297 |          4        0.09       44.08
   .0002308 |          4        0.09       44.17
   .0002319 |          5        0.11       44.28
   .0002326 |          2        0.04       44.32
   .0002332 |          2        0.04       44.37
   .0002339 |          4        0.09       44.45
    .000236 |          5        0.11       44.56
   .0002367 |          6        0.13       44.70
   .0002405 |          4        0.09       44.78
   .0002424 |          5        0.11       44.89
   .0002439 |         12        0.26       45.16
   .0002445 |          6        0.13       45.29
   .0002447 |          2        0.04       45.33
   .0002489 |          2        0.04       45.37
    .000249 |          4        0.09       45.46
   .0002493 |          4        0.09       45.55
     .00025 |          5        0.11       45.66
   .0002512 |          5        0.11       45.77
   .0002526 |          2        0.04       45.81
   .0002531 |          3        0.07       45.88
   .0002533 |          4        0.09       45.97
    .000255 |          2        0.04       46.01
   .0002564 |          2        0.04       46.05
   .0002582 |          5        0.11       46.16
   .0002584 |          8        0.18       46.34
   .0002586 |          5        0.11       46.45
   .0002589 |          3        0.07       46.51
   .0002592 |          2        0.04       46.56
   .0002597 |          2        0.04       46.60
   .0002602 |         13        0.28       46.89
   .0002605 |         12        0.26       47.15
   .0002633 |         11        0.24       47.39
   .0002653 |          4        0.09       47.48
   .0002657 |          7        0.15       47.63
   .0002657 |          4        0.09       47.72
   .0002694 |          3        0.07       47.79
   .0002701 |          2        0.04       47.83
   .0002729 |          3        0.07       47.90
   .0002731 |          7        0.15       48.05
   .0002732 |          2        0.04       48.09
   .0002747 |          9        0.20       48.29
   .0002747 |          2        0.04       48.33
   .0002763 |          3        0.07       48.40
   .0002811 |          2        0.04       48.44
   .0002832 |          3        0.07       48.51
   .0002834 |          2        0.04       48.55
   .0002857 |          3        0.07       48.62
    .000286 |          5        0.11       48.73
   .0002864 |          2        0.04       48.77
   .0002876 |         11        0.24       49.01
   .0002887 |          4        0.09       49.10
   .0002899 |          2        0.04       49.15
   .0002918 |          4        0.09       49.23
   .0002926 |          5        0.11       49.34
   .0002926 |          8        0.18       49.52
   .0002939 |          4        0.09       49.61
   .0002967 |          2        0.04       49.65
   .0002985 |          3        0.07       49.72
   .0002987 |          5        0.11       49.82
   .0003004 |          3        0.07       49.89
   .0003008 |          3        0.07       49.96
    .000303 |          2        0.04       50.00
   .0003032 |          7        0.15       50.15
    .000305 |          3        0.07       50.22
   .0003051 |          6        0.13       50.35
   .0003053 |          4        0.09       50.44
   .0003125 |          3        0.07       50.50
   .0003134 |          3        0.07       50.57
    .000314 |          2        0.04       50.61
   .0003158 |          6        0.13       50.75
   .0003164 |          3        0.07       50.81
   .0003169 |          2        0.04       50.85
     .00032 |          2        0.04       50.90
     .00032 |          9        0.20       51.10
   .0003224 |          2        0.04       51.14
   .0003226 |          8        0.18       51.32
   .0003229 |         10        0.22       51.53
   .0003234 |          4        0.09       51.62
   .0003272 |          4        0.09       51.71
   .0003273 |          2        0.04       51.75
    .000328 |         10        0.22       51.97
   .0003282 |          2        0.04       52.02
   .0003283 |          9        0.20       52.21
   .0003306 |          6        0.13       52.35
   .0003313 |          2        0.04       52.39
   .0003315 |          2        0.04       52.43
    .000332 |          3        0.07       52.50
   .0003333 |          5        0.11       52.61
   .0003344 |          4        0.09       52.70
   .0003364 |          3        0.07       52.76
   .0003367 |          2        0.04       52.81
   .0003369 |          2        0.04       52.85
   .0003373 |          2        0.04       52.89
    .000338 |         12        0.26       53.16
    .000339 |          2        0.04       53.20
   .0003404 |          2        0.04       53.24
   .0003428 |          2        0.04       53.29
   .0003431 |          4        0.09       53.38
   .0003462 |          2        0.04       53.42
   .0003468 |          2        0.04       53.46
   .0003483 |          9        0.20       53.66
   .0003494 |         12        0.26       53.92
   .0003499 |          2        0.04       53.97
   .0003514 |         17        0.37       54.34
   .0003515 |          4        0.09       54.43
   .0003521 |          2        0.04       54.47
   .0003529 |          2        0.04       54.52
   .0003536 |          4        0.09       54.60
   .0003554 |          5        0.11       54.71
   .0003568 |          2        0.04       54.76
   .0003588 |          3        0.07       54.82
   .0003603 |          6        0.13       54.95
   .0003606 |          7        0.15       55.11
   .0003606 |          7        0.15       55.26
   .0003618 |          2        0.04       55.30
   .0003636 |          2        0.04       55.35
    .000364 |         12        0.26       55.61
    .000364 |          3        0.07       55.68
   .0003655 |          3        0.07       55.74
   .0003689 |          7        0.15       55.90
   .0003716 |          3        0.07       55.96
   .0003745 |          3        0.07       56.03
   .0003747 |          4        0.09       56.12
   .0003769 |          6        0.13       56.25
   .0003777 |          2        0.04       56.29
   .0003788 |          5        0.11       56.40
   .0003789 |          4        0.09       56.49
   .0003804 |          3        0.07       56.55
   .0003822 |          2        0.04       56.60
   .0003851 |          4        0.09       56.69
   .0003854 |         11        0.24       56.93
   .0003873 |          2        0.04       56.97
   .0003882 |         10        0.22       57.19
   .0003893 |          3        0.07       57.26
   .0003894 |          8        0.18       57.43
   .0003974 |          2        0.04       57.47
   .0003995 |          9        0.20       57.67
      .0004 |          3        0.07       57.74
   .0004008 |          2        0.04       57.78
   .0004018 |          3        0.07       57.85
   .0004021 |          3        0.07       57.91
   .0004025 |          5        0.11       58.02
   .0004026 |          7        0.15       58.18
   .0004037 |          5        0.11       58.29
   .0004082 |          3        0.07       58.35
    .000412 |          6        0.13       58.48
   .0004168 |         10        0.22       58.70
   .0004171 |          3        0.07       58.77
    .000419 |          9        0.20       58.97
   .0004198 |          2        0.04       59.01
   .0004198 |          9        0.20       59.21
   .0004216 |         10        0.22       59.43
   .0004251 |          2        0.04       59.47
   .0004258 |          2        0.04       59.51
   .0004296 |          2        0.04       59.56
   .0004305 |          3        0.07       59.62
   .0004307 |          3        0.07       59.69
   .0004336 |          6        0.13       59.82
   .0004357 |          2        0.04       59.86
   .0004365 |          4        0.09       59.95
   .0004396 |          2        0.04       60.00
   .0004404 |          3        0.07       60.06
   .0004439 |          6        0.13       60.19
   .0004444 |          3        0.07       60.26
   .0004451 |          3        0.07       60.32
   .0004474 |          2        0.04       60.37
   .0004487 |          6        0.13       60.50
   .0004489 |          4        0.09       60.59
   .0004491 |          4        0.09       60.68
   .0004526 |          4        0.09       60.76
   .0004535 |          5        0.11       60.87
   .0004552 |          2        0.04       60.92
   .0004582 |          4        0.09       61.00
   .0004585 |          3        0.07       61.07
   .0004593 |          3        0.07       61.14
   .0004637 |          7        0.15       61.29
   .0004646 |          2        0.04       61.33
   .0004648 |          2        0.04       61.38
   .0004692 |          4        0.09       61.46
   .0004692 |          5        0.11       61.57
   .0004707 |          5        0.11       61.68
   .0004734 |          2        0.04       61.73
   .0004737 |          3        0.07       61.79
   .0004753 |          3        0.07       61.86
   .0004779 |         10        0.22       62.08
   .0004779 |          2        0.04       62.12
   .0004811 |          8        0.18       62.30
   .0004819 |          3        0.07       62.36
   .0004844 |          6        0.13       62.49
   .0004862 |          7        0.15       62.65
   .0004884 |          3        0.07       62.71
   .0004885 |          2        0.04       62.76
   .0004916 |          3        0.07       62.82
    .000495 |          2        0.04       62.87
   .0004975 |          3        0.07       62.93
   .0005028 |          2        0.04       62.98
   .0005079 |          5        0.11       63.09
   .0005103 |          4        0.09       63.17
   .0005118 |          3        0.07       63.24
   .0005128 |          2        0.04       63.28
   .0005142 |          7        0.15       63.44
   .0005153 |          6        0.13       63.57
   .0005172 |          2        0.04       63.61
   .0005202 |          4        0.09       63.70
   .0005204 |          2        0.04       63.74
   .0005255 |          4        0.09       63.83
   .0005266 |         11        0.24       64.07
   .0005272 |         11        0.24       64.31
   .0005288 |          2        0.04       64.36
   .0005333 |          2        0.04       64.40
   .0005344 |          4        0.09       64.49
    .000545 |          3        0.07       64.56
   .0005457 |         18        0.39       64.95
   .0005494 |          4        0.09       65.04
   .0005518 |          3        0.07       65.10
   .0005561 |          6        0.13       65.23
   .0005563 |          6        0.13       65.37
   .0005566 |          2        0.04       65.41
   .0005594 |          2        0.04       65.45
    .000566 |          5        0.11       65.56
   .0005676 |          2        0.04       65.61
   .0005716 |          6        0.13       65.74
   .0005725 |          2        0.04       65.78
   .0005747 |         18        0.39       66.18
   .0005749 |         12        0.26       66.44
   .0005783 |          3        0.07       66.51
   .0005819 |          3        0.07       66.57
   .0005821 |          7        0.15       66.73
   .0005839 |          2        0.04       66.77
   .0005886 |          5        0.11       66.88
   .0005887 |          3        0.07       66.94
    .000596 |          6        0.13       67.08
   .0006027 |          2        0.04       67.12
   .0006038 |          2        0.04       67.16
   .0006063 |          4        0.09       67.25
   .0006107 |          3        0.07       67.32
   .0006122 |          2        0.04       67.36
   .0006168 |          3        0.07       67.43
   .0006233 |         18        0.39       67.82
   .0006241 |          3        0.07       67.89
   .0006295 |          2        0.04       67.93
   .0006301 |          2        0.04       67.97
   .0006302 |          3        0.07       68.04
   .0006322 |          2        0.04       68.08
   .0006323 |          2        0.04       68.13
   .0006327 |          4        0.09       68.22
   .0006338 |          3        0.07       68.28
   .0006357 |          2        0.04       68.33
    .000638 |          3        0.07       68.39
   .0006414 |          2        0.04       68.43
   .0006423 |          7        0.15       68.59
   .0006439 |          2        0.04       68.63
   .0006497 |          6        0.13       68.76
   .0006522 |          2        0.04       68.81
   .0006532 |          4        0.09       68.90
   .0006541 |          3        0.07       68.96
   .0006547 |          4        0.09       69.05
   .0006571 |          4        0.09       69.14
   .0006586 |          3        0.07       69.20
   .0006678 |          4        0.09       69.29
   .0006723 |          3        0.07       69.36
    .000674 |          4        0.09       69.44
   .0006747 |          2        0.04       69.49
   .0006828 |          6        0.13       69.62
   .0006838 |          5        0.11       69.73
   .0006897 |          5        0.11       69.84
   .0006954 |          3        0.07       69.90
   .0006965 |          3        0.07       69.97
    .000701 |          5        0.11       70.08
   .0007024 |          6        0.13       70.21
   .0007047 |         13        0.28       70.50
   .0007059 |          2        0.04       70.54
   .0007084 |          4        0.09       70.63
   .0007273 |          3        0.07       70.69
    .000735 |          2        0.04       70.74
    .000737 |          2        0.04       70.78
   .0007424 |         11        0.24       71.02
     .00075 |          2        0.04       71.07
   .0007541 |          8        0.18       71.24
    .000758 |          5        0.11       71.35
   .0007595 |          5        0.11       71.46
   .0007636 |          2        0.04       71.50
   .0007647 |          3        0.07       71.57
   .0007694 |          4        0.09       71.66
   .0007736 |          3        0.07       71.72
   .0007775 |          3        0.07       71.79
   .0007778 |          3        0.07       71.85
   .0007786 |          3        0.07       71.92
   .0007797 |          5        0.11       72.03
   .0007831 |         10        0.22       72.25
   .0007842 |          7        0.15       72.40
   .0007861 |          6        0.13       72.53
   .0007868 |          4        0.09       72.62
   .0007879 |          3        0.07       72.69
   .0007895 |          2        0.04       72.73
   .0007903 |          3        0.07       72.80
   .0007905 |          2        0.04       72.84
    .000791 |          2        0.04       72.88
   .0007916 |          4        0.09       72.97
   .0007933 |          2        0.04       73.02
   .0007937 |          8        0.18       73.19
      .0008 |         18        0.39       73.59
   .0008021 |          2        0.04       73.63
   .0008094 |          6        0.13       73.76
   .0008097 |          2        0.04       73.81
   .0008173 |          7        0.15       73.96
   .0008276 |         14        0.31       74.27
   .0008281 |          4        0.09       74.35
   .0008307 |          5        0.11       74.46
   .0008434 |          3        0.07       74.53
   .0008446 |          5        0.11       74.64
   .0008482 |          6        0.13       74.77
   .0008489 |          4        0.09       74.86
    .000854 |          3        0.07       74.92
     .00086 |          2        0.04       74.97
   .0008602 |          2        0.04       75.01
   .0008654 |          3        0.07       75.08
   .0008673 |          6        0.13       75.21
   .0008729 |          5        0.11       75.32
    .000878 |          2        0.04       75.36
   .0008871 |          3        0.07       75.43
    .000897 |          2        0.04       75.47
    .000898 |          3        0.07       75.54
   .0008993 |          4        0.09       75.62
   .0009091 |         10        0.22       75.84
   .0009153 |          4        0.09       75.93
   .0009165 |          3        0.07       76.00
   .0009167 |          2        0.04       76.04
   .0009176 |          6        0.13       76.17
   .0009278 |          2        0.04       76.22
   .0009295 |          3        0.07       76.28
   .0009303 |          3        0.07       76.35
   .0009318 |          6        0.13       76.48
   .0009358 |          3        0.07       76.55
   .0009375 |          3        0.07       76.61
   .0009388 |          3        0.07       76.68
    .000939 |          5        0.11       76.79
   .0009392 |          3        0.07       76.85
   .0009392 |          2        0.04       76.90
   .0009396 |          3        0.07       76.96
   .0009398 |          3        0.07       77.03
     .00094 |          5        0.11       77.14
    .000944 |          4        0.09       77.22
   .0009681 |          4        0.09       77.31
   .0009687 |          6        0.13       77.44
   .0009728 |          3        0.07       77.51
   .0009746 |          4        0.09       77.60
   .0009877 |          7        0.15       77.75
   .0009901 |          3        0.07       77.82
    .000991 |          2        0.04       77.86
   .0009998 |          6        0.13       77.99
   .0010162 |          7        0.15       78.15
   .0010169 |          2        0.04       78.19
   .0010194 |          3        0.07       78.26
    .001022 |          7        0.15       78.41
   .0010345 |          2        0.04       78.45
   .0010399 |          3        0.07       78.52
   .0010562 |          3        0.07       78.58
     .00106 |          3        0.07       78.65
   .0010601 |          5        0.11       78.76
   .0010612 |         20        0.44       79.20
   .0010626 |          4        0.09       79.29
   .0010642 |          3        0.07       79.35
   .0010714 |          2        0.04       79.40
   .0010891 |          2        0.04       79.44
   .0010938 |          3        0.07       79.50
   .0010962 |          5        0.11       79.61
   .0011009 |          3        0.07       79.68
   .0011017 |          2        0.04       79.72
   .0011145 |          4        0.09       79.81
   .0011197 |          3        0.07       79.88
    .001122 |          5        0.11       79.99
   .0011224 |          4        0.09       80.07
   .0011327 |          3        0.07       80.14
   .0011351 |          3        0.07       80.21
    .001136 |          8        0.18       80.38
   .0011364 |          2        0.04       80.43
   .0011429 |          2        0.04       80.47
   .0011468 |          2        0.04       80.51
   .0011527 |          8        0.18       80.69
   .0011658 |         10        0.22       80.91
   .0011669 |          4        0.09       81.00
   .0011712 |          5        0.11       81.10
   .0011765 |          2        0.04       81.15
   .0012036 |          6        0.13       81.28
   .0012145 |          3        0.07       81.35
   .0012214 |          2        0.04       81.39
   .0012222 |          5        0.11       81.50
   .0012226 |          2        0.04       81.54
   .0012526 |          3        0.07       81.61
   .0012549 |          6        0.13       81.74
   .0012568 |          3        0.07       81.81
   .0012766 |          2        0.04       81.85
   .0012813 |          3        0.07       81.92
   .0012824 |          2        0.04       81.96
   .0012879 |          4        0.09       82.05
   .0012942 |          9        0.20       82.24
   .0012963 |          2        0.04       82.29
   .0013276 |          4        0.09       82.38
   .0013287 |          3        0.07       82.44
   .0013391 |          2        0.04       82.49
   .0013504 |          5        0.11       82.60
   .0013587 |          3        0.07       82.66
   .0013793 |          3        0.07       82.73
   .0013869 |          3        0.07       82.79
    .001393 |          4        0.09       82.88
   .0014063 |          2        0.04       82.92
   .0014094 |          6        0.13       83.06
   .0014118 |          2        0.04       83.10
    .001416 |          5        0.11       83.21
   .0014182 |          8        0.18       83.38
   .0014286 |          3        0.07       83.45
   .0014341 |          3        0.07       83.52
   .0014388 |          7        0.15       83.67
   .0014498 |          3        0.07       83.74
   .0014599 |          4        0.09       83.82
     .00148 |          8        0.18       84.00
      .0015 |          2        0.04       84.04
   .0015149 |          4        0.09       84.13
   .0015151 |          6        0.13       84.26
   .0015213 |         13        0.28       84.55
   .0015238 |          5        0.11       84.66
   .0015267 |          2        0.04       84.70
   .0015362 |          5        0.11       84.81
   .0015365 |          8        0.18       84.98
   .0015366 |          4        0.09       85.07
     .00155 |          3        0.07       85.14
   .0015541 |         10        0.22       85.36
   .0015625 |          2        0.04       85.40
   .0015718 |          5        0.11       85.51
   .0015851 |          9        0.20       85.71
   .0015872 |          4        0.09       85.80
   .0016059 |         12        0.26       86.06
   .0016908 |          2        0.04       86.10
   .0017361 |          6        0.13       86.23
   .0017455 |          3        0.07       86.30
     .00175 |          3        0.07       86.37
   .0017521 |          2        0.04       86.41
   .0017633 |          7        0.15       86.56
   .0017751 |          4        0.09       86.65
   .0017857 |          2        0.04       86.69
    .001802 |          9        0.20       86.89
   .0018103 |          3        0.07       86.96
   .0018369 |          6        0.13       87.09
   .0018503 |          4        0.09       87.18
   .0019022 |          2        0.04       87.22
   .0019029 |          5        0.11       87.33
   .0019085 |          5        0.11       87.44
   .0019126 |          5        0.11       87.55
   .0019226 |          4        0.09       87.64
   .0019324 |          4        0.09       87.72
   .0019355 |          4        0.09       87.81
    .001942 |          3        0.07       87.88
   .0019531 |          5        0.11       87.99
       .002 |          4        0.09       88.08
   .0020012 |          4        0.09       88.16
    .002005 |          6        0.13       88.29
   .0020196 |          4        0.09       88.38
   .0020339 |          2        0.04       88.43
   .0020513 |          2        0.04       88.47
   .0020878 |          8        0.18       88.65
   .0020892 |          3        0.07       88.71
   .0020977 |          8        0.18       88.89
   .0021405 |          2        0.04       88.93
   .0021417 |          6        0.13       89.06
   .0021531 |         11        0.24       89.30
   .0021849 |          3        0.07       89.37
   .0022449 |          5        0.11       89.48
   .0022914 |          5        0.11       89.59
   .0022954 |          5        0.11       89.70
   .0023611 |          2        0.04       89.74
   .0023871 |          2        0.04       89.79
      .0024 |          2        0.04       89.83
   .0024466 |          2        0.04       89.87
    .002449 |          4        0.09       89.96
   .0024576 |          3        0.07       90.03
      .0025 |          2        0.04       90.07
   .0025166 |          3        0.07       90.14
   .0025397 |          2        0.04       90.18
   .0025473 |          6        0.13       90.31
   .0025636 |          4        0.09       90.40
   .0026403 |          9        0.20       90.60
   .0026514 |          3        0.07       90.66
   .0026724 |          3        0.07       90.73
    .002676 |          4        0.09       90.82
   .0027027 |          2        0.04       90.86
   .0027085 |          8        0.18       91.03
   .0027143 |          2        0.04       91.08
   .0027204 |         27        0.59       91.67
   .0027376 |          3        0.07       91.74
   .0027586 |          4        0.09       91.82
   .0027616 |          4        0.09       91.91
   .0027926 |          8        0.18       92.09
   .0028132 |          8        0.18       92.26
   .0028438 |          3        0.07       92.33
   .0028473 |          6        0.13       92.46
   .0028719 |         27        0.59       93.05
   .0028732 |          3        0.07       93.12
   .0028926 |          2        0.04       93.16
   .0029306 |          4        0.09       93.25
   .0029651 |          2        0.04       93.29
   .0029851 |          2        0.04       93.34
   .0030044 |          6        0.13       93.47
   .0030392 |          6        0.13       93.60
   .0031868 |          2        0.04       93.64
   .0032207 |          3        0.07       93.71
   .0032552 |          3        0.07       93.77
   .0032609 |          3        0.07       93.84
    .003318 |          3        0.07       93.91
   .0033333 |          2        0.04       93.95
   .0034091 |          7        0.15       94.10
   .0034351 |          2        0.04       94.15
   .0035468 |          3        0.07       94.21
   .0035493 |          5        0.11       94.32
   .0035556 |          3        0.07       94.39
    .003567 |          6        0.13       94.52
   .0036012 |          4        0.09       94.61
   .0036667 |          2        0.04       94.65
   .0037001 |          4        0.09       94.74
   .0037202 |          9        0.20       94.94
   .0039024 |          2        0.04       94.98
   .0039123 |         18        0.39       95.37
    .003913 |          2        0.04       95.42
   .0040351 |          2        0.04       95.46
   .0040556 |          2        0.04       95.51
   .0042604 |          3        0.07       95.57
   .0043902 |          4        0.09       95.66
   .0044638 |          2        0.04       95.70
   .0046126 |          4        0.09       95.79
   .0047059 |          3        0.07       95.86
   .0047887 |          3        0.07       95.92
      .0048 |          2        0.04       95.97
   .0049541 |          7        0.15       96.12
   .0051236 |         10        0.22       96.34
   .0051852 |          2        0.04       96.38
   .0051923 |          4        0.09       96.47
   .0054206 |         10        0.22       96.69
   .0054545 |          4        0.09       96.78
   .0055556 |          2        0.04       96.82
   .0057143 |          3        0.07       96.89
   .0057576 |          2        0.04       96.93
    .005814 |          2        0.04       96.98
   .0058631 |          3        0.07       97.04
   .0059465 |          4        0.09       97.13
    .006051 |          9        0.20       97.33
   .0061538 |          2        0.04       97.37
    .006747 |          3        0.07       97.44
   .0071752 |          8        0.18       97.61
    .007234 |          2        0.04       97.65
   .0073732 |         16        0.35       98.01
   .0076154 |          3        0.07       98.07
   .0076818 |          3        0.07       98.14
       .008 |          2        0.04       98.18
   .0082647 |         17        0.37       98.55
   .0085714 |          2        0.04       98.60
   .0088333 |          3        0.07       98.66
   .0093939 |          4        0.09       98.75
   .0094634 |          2        0.04       98.79
   .0098462 |          4        0.09       98.88
   .0102591 |          5        0.11       98.99
   .0107937 |          7        0.15       99.15
   .0109231 |          2        0.04       99.19
   .0112821 |          2        0.04       99.23
   .0114286 |          3        0.07       99.30
   .0115238 |          3        0.07       99.36
   .0118462 |          2        0.04       99.41
       .013 |          2        0.04       99.45
       .014 |          2        0.04       99.50
   .0145455 |          2        0.04       99.54
   .0156364 |          2        0.04       99.58
      .0176 |          2        0.04       99.63
   .0187778 |          3        0.07       99.69
   .0201577 |          4        0.09       99.78
   .0277778 |          2        0.04       99.82
        .04 |          2        0.04       99.87
   .0430435 |          3        0.07       99.93
   .2603571 |          3        0.07      100.00
------------+-----------------------------------
      Total |      4,562      100.00
r; t=0.33 10:37:17

. sum             PRE_spr

    Variable |        Obs        Mean    Std. dev.       Min        Max
-------------+---------------------------------------------------------
     PRE_spr |      4,562    .0011427    .0070501   2.11e-06   .2603571
r; t=0.01 10:37:17

. 
. ***Measure of Separation
. sort            welle geo_grid_cell PRE
r; t=0.00 10:37:17

. by welle geo_grid_cell: gen PRE_n=_n
r; t=0.00 10:37:17

. by welle geo_grid_cell: gen temp_PRE_sep=(PRE_n*PRE)-(((2*(PRE_N+1))/(PRE_N-1))*PRE_mean)
(5,591 missing values generated)
r; t=0.00 10:37:17

. by welle geo_grid_cell: egen PRE_sep=total(temp_PRE_sep)
r; t=0.01 10:37:17

. replace         PRE_sep=(4/(PRE_N*(PRE_N-1)))*PRE_sep
(8,727 real changes made, 4,132 to missing)
r; t=0.00 10:37:17

. tab             PRE_sep

    PRE_sep |      Freq.     Percent        Cum.
------------+-----------------------------------
      -1576 |          3        0.07        0.07
    -1424.4 |          5        0.11        0.17
    -1406.4 |          5        0.11        0.28
      -1324 |          2        0.04        0.33
    -1315.2 |          5        0.11        0.44
      -1308 |          2        0.04        0.48
      -1302 |          2        0.04        0.52
      -1280 |          3        0.07        0.59
    -1273.6 |          2        0.04        0.63
      -1264 |          2        0.04        0.67
      -1250 |          6        0.13        0.81
      -1236 |          6        0.13        0.94
      -1208 |          3        0.07        1.00
      -1206 |          6        0.13        1.13
      -1204 |          2        0.04        1.18
      -1196 |          2        0.04        1.22
      -1176 |         13        0.28        1.50
      -1164 |          2        0.04        1.55
      -1148 |          3        0.07        1.61
      -1144 |          3        0.07        1.68
      -1140 |          8        0.17        1.85
      -1132 |          2        0.04        1.89
      -1128 |          4        0.09        1.98
      -1104 |          4        0.09        2.07
      -1088 |         17        0.37        2.44
    -1087.2 |          2        0.04        2.48
      -1086 |          4        0.09        2.57
      -1084 |          3        0.07        2.63
      -1082 |          2        0.04        2.68
    -1076.8 |          6        0.13        2.81
      -1076 |          5        0.11        2.92
      -1072 |          3        0.07        2.98
      -1068 |          5        0.11        3.09
      -1064 |          5        0.11        3.20
      -1060 |          6        0.13        3.33
      -1058 |          4        0.09        3.42
      -1052 |          6        0.13        3.55
    -1050.4 |          2        0.04        3.59
      -1050 |          4        0.09        3.68
      -1048 |          5        0.11        3.79
    -1044.8 |          4        0.09        3.87
      -1044 |          5        0.11        3.98
      -1042 |          7        0.15        4.13
      -1040 |          2        0.04        4.18
    -1038.4 |          5        0.11        4.29
      -1036 |         15        0.33        4.61
      -1032 |          6        0.13        4.74
    -1030.4 |          3        0.07        4.81
      -1028 |          6        0.13        4.94
    -1027.2 |          2        0.04        4.98
      -1024 |          5        0.11        5.09
      -1020 |          2        0.04        5.14
      -1018 |          2        0.04        5.18
    -1016.8 |          6        0.13        5.31
      -1012 |         11        0.24        5.55
      -1010 |          2        0.04        5.59
      -1008 |          7        0.15        5.75
       -996 |         10        0.22        5.96
       -992 |          2        0.04        6.01
       -990 |          2        0.04        6.05
       -986 |          2        0.04        6.09
       -984 |          8        0.17        6.27
     -982.8 |          2        0.04        6.31
       -980 |         14        0.30        6.62
       -976 |          2        0.04        6.66
       -972 |          8        0.17        6.83
       -970 |         10        0.22        7.05
       -968 |          2        0.04        7.09
     -965.6 |          2        0.04        7.14
       -964 |          6        0.13        7.27
       -962 |          8        0.17        7.44
       -960 |          9        0.20        7.64
       -956 |          9        0.20        7.83
       -952 |          5        0.11        7.94
     -950.8 |          4        0.09        8.03
       -948 |          7        0.15        8.18
       -946 |          2        0.04        8.23
       -944 |         14        0.30        8.53
       -940 |          2        0.04        8.57
       -938 |          5        0.11        8.68
       -936 |          4        0.09        8.77
       -932 |          8        0.17        8.94
       -930 |          3        0.07        9.01
  -929.5999 |          2        0.04        9.05
       -928 |          7        0.15        9.21
       -926 |          6        0.13        9.34
       -924 |          9        0.20        9.53
       -922 |          4        0.09        9.62
       -920 |          2        0.04        9.66
       -916 |         10        0.22        9.88
       -914 |          2        0.04        9.92
       -912 |          7        0.15       10.08
       -908 |          4        0.09       10.16
       -906 |          2        0.04       10.21
       -896 |          7        0.15       10.36
       -892 |         12        0.26       10.62
       -890 |          2        0.04       10.66
       -888 |         25        0.54       11.21
       -886 |          6        0.13       11.34
  -885.9999 |          2        0.04       11.38
       -884 |          4        0.09       11.47
       -882 |          2        0.04       11.51
       -880 |          9        0.20       11.71
  -877.6001 |          2        0.04       11.75
       -876 |         17        0.37       12.12
       -874 |          4        0.09       12.21
       -872 |          2        0.04       12.25
       -870 |          7        0.15       12.40
       -868 |          2        0.04       12.45
  -864.0001 |          2        0.04       12.49
       -864 |          4        0.09       12.58
       -862 |          8        0.17       12.75
       -860 |         21        0.46       13.21
       -856 |          9        0.20       13.41
       -852 |         10        0.22       13.62
       -848 |          5        0.11       13.73
       -844 |          6        0.13       13.86
       -842 |          5        0.11       13.97
       -840 |         20        0.44       14.41
       -838 |          4        0.09       14.49
       -836 |          3        0.07       14.56
       -834 |          4        0.09       14.65
     -832.8 |          2        0.04       14.69
       -832 |          7        0.15       14.84
       -828 |         18        0.39       15.23
     -825.6 |          2        0.04       15.28
       -824 |         14        0.30       15.58
       -820 |          8        0.17       15.76
       -818 |          2        0.04       15.80
       -816 |          7        0.15       15.95
       -812 |         18        0.39       16.34
       -808 |         10        0.22       16.56
       -804 |          5        0.11       16.67
       -800 |          4        0.09       16.76
       -798 |          4        0.09       16.84
       -794 |          3        0.07       16.91
       -792 |         17        0.37       17.28
       -788 |         10        0.22       17.50
       -786 |          2        0.04       17.54
       -784 |         11        0.24       17.78
       -782 |          2        0.04       17.82
     -780.8 |          4        0.09       17.91
       -780 |          6        0.13       18.04
       -778 |          4        0.09       18.13
       -772 |         14        0.30       18.43
     -768.8 |          5        0.11       18.54
       -768 |         10        0.22       18.76
       -764 |          5        0.11       18.87
       -762 |          4        0.09       18.96
       -760 |         14        0.30       19.26
       -756 |          5        0.11       19.37
       -754 |          3        0.07       19.43
       -752 |         11        0.24       19.67
       -750 |          2        0.04       19.72
       -748 |          3        0.07       19.78
       -746 |          2        0.04       19.83
       -744 |          2        0.04       19.87
     -743.6 |          5        0.11       19.98
       -742 |          2        0.04       20.02
       -740 |          9        0.20       20.22
     -738.8 |          2        0.04       20.26
       -738 |          2        0.04       20.30
       -736 |         10        0.22       20.52
       -734 |          5        0.11       20.63
       -732 |         15        0.33       20.96
       -730 |          2        0.04       21.00
       -728 |         11        0.24       21.24
     -721.2 |          4        0.09       21.33
       -720 |         14        0.30       21.63
       -718 |          3        0.07       21.70
       -716 |         14        0.30       22.00
       -714 |          2        0.04       22.05
       -712 |          3        0.07       22.11
       -710 |         12        0.26       22.37
       -708 |         10        0.22       22.59
       -704 |          2        0.04       22.63
       -702 |          8        0.17       22.81
       -700 |         14        0.30       23.11
       -696 |          4        0.09       23.20
       -694 |         12        0.26       23.46
       -692 |         14        0.30       23.76
       -690 |          2        0.04       23.81
       -688 |          9        0.20       24.00
       -686 |          5        0.11       24.11
       -684 |          4        0.09       24.20
       -680 |         12        0.26       24.46
       -678 |          4        0.09       24.55
     -676.4 |          2        0.04       24.59
       -676 |          8        0.17       24.77
       -674 |          2        0.04       24.81
       -672 |          8        0.17       24.98
       -670 |          2        0.04       25.03
       -668 |         13        0.28       25.31
       -666 |          8        0.17       25.48
       -664 |         25        0.54       26.03
     -662.4 |          2        0.04       26.07
       -662 |          3        0.07       26.14
       -660 |         18        0.39       26.53
       -656 |         14        0.30       26.83
       -654 |          4        0.09       26.92
       -652 |          5        0.11       27.03
       -650 |          2        0.04       27.07
       -648 |          7        0.15       27.23
       -646 |          4        0.09       27.31
       -644 |          4        0.09       27.40
     -642.4 |          2        0.04       27.44
       -640 |          5        0.11       27.55
       -638 |          2        0.04       27.60
       -636 |          4        0.09       27.68
     -629.2 |          2        0.04       27.73
       -628 |         15        0.33       28.05
       -626 |          2        0.04       28.10
       -624 |          6        0.13       28.23
       -622 |          2        0.04       28.27
     -620.8 |          4        0.09       28.36
       -620 |          5        0.11       28.47
       -618 |          2        0.04       28.51
       -616 |          8        0.17       28.68
       -612 |         10        0.22       28.90
       -610 |          9        0.20       29.10
       -608 |         12        0.26       29.36
       -606 |          6        0.13       29.49
       -604 |          2        0.04       29.53
       -602 |          2        0.04       29.58
       -600 |          2        0.04       29.62
       -598 |          4        0.09       29.71
       -596 |          7        0.15       29.86
       -592 |          7        0.15       30.01
       -590 |         11        0.24       30.25
       -588 |          4        0.09       30.34
       -586 |          4        0.09       30.42
       -584 |          6        0.13       30.55
       -582 |          8        0.17       30.73
       -580 |          4        0.09       30.82
       -576 |         16        0.35       31.16
       -574 |          8        0.17       31.34
       -572 |          4        0.09       31.43
       -570 |         18        0.39       31.82
       -568 |          2        0.04       31.86
       -566 |          5        0.11       31.97
       -564 |          2        0.04       32.01
       -562 |          4        0.09       32.10
       -560 |          9        0.20       32.30
       -558 |          6        0.13       32.43
       -556 |          9        0.20       32.62
       -554 |          2        0.04       32.67
       -552 |          5        0.11       32.77
       -548 |          5        0.11       32.88
       -546 |          4        0.09       32.97
       -544 |          4        0.09       33.06
       -542 |          2        0.04       33.10
       -540 |          4        0.09       33.19
       -538 |          4        0.09       33.28
       -536 |          9        0.20       33.47
       -532 |          9        0.20       33.67
       -528 |          4        0.09       33.75
       -524 |         12        0.26       34.02
       -522 |          2        0.04       34.06
       -520 |         13        0.28       34.34
       -516 |          4        0.09       34.43
       -514 |          2        0.04       34.47
       -512 |          7        0.15       34.62
       -510 |          4        0.09       34.71
       -506 |          5        0.11       34.82
       -504 |          2        0.04       34.86
       -502 |          4        0.09       34.95
     -501.2 |          2        0.04       34.99
       -500 |          4        0.09       35.08
       -498 |          9        0.20       35.28
       -496 |          9        0.20       35.47
       -494 |          5        0.11       35.58
       -492 |          4        0.09       35.67
       -486 |         11        0.24       35.91
       -484 |          2        0.04       35.95
       -480 |          2        0.04       36.00
       -478 |          2        0.04       36.04
       -476 |          2        0.04       36.08
       -474 |          4        0.09       36.17
       -472 |          2        0.04       36.21
       -466 |          2        0.04       36.26
       -464 |          7        0.15       36.41
     -462.8 |          3        0.07       36.47
       -460 |          4        0.09       36.56
       -460 |          3        0.07       36.63
       -458 |          2        0.04       36.67
       -456 |          3        0.07       36.74
       -454 |          3        0.07       36.80
       -452 |          2        0.04       36.84
       -448 |          3        0.07       36.91
       -446 |          4        0.09       37.00
       -442 |          4        0.09       37.08
       -438 |          4        0.09       37.17
       -436 |          8        0.17       37.34
       -434 |          8        0.17       37.52
       -432 |          3        0.07       37.58
       -430 |          2        0.04       37.63
     -427.2 |          3        0.07       37.69
       -426 |          8        0.17       37.87
       -424 |          2        0.04       37.91
     -423.6 |          2        0.04       37.95
       -422 |          2        0.04       38.00
     -420.8 |          5        0.11       38.11
       -418 |          9        0.20       38.30
     -416.8 |          2        0.04       38.35
       -416 |          2        0.04       38.39
       -414 |          3        0.07       38.45
       -412 |          2        0.04       38.50
       -404 |          6        0.13       38.63
     -395.6 |          3        0.07       38.69
       -392 |          2        0.04       38.74
       -390 |          5        0.11       38.85
       -388 |          3        0.07       38.91
       -384 |          2        0.04       38.96
       -380 |          7        0.15       39.11
       -378 |          2        0.04       39.15
       -376 |          2        0.04       39.19
     -368.4 |          3        0.07       39.26
       -358 |          2        0.04       39.30
       -350 |         11        0.24       39.54
       -342 |          2        0.04       39.59
       -340 |          5        0.11       39.70
       -332 |          2        0.04       39.74
       -330 |          4        0.09       39.83
       -328 |          4        0.09       39.91
       -326 |          3        0.07       39.98
     -320.8 |          2        0.04       40.02
       -320 |          2        0.04       40.07
       -314 |          2        0.04       40.11
       -308 |          5        0.11       40.22
       -304 |          4        0.09       40.30
       -296 |          6        0.13       40.44
  -269.3333 |          5        0.11       40.54
       -268 |          4        0.09       40.63
     -261.2 |          2        0.04       40.67
       -256 |          3        0.07       40.74
       -250 |          3        0.07       40.81
       -236 |          4        0.09       40.89
  -233.0667 |          6        0.13       41.02
     -232.8 |          4        0.09       41.11
  -231.3333 |          4        0.09       41.20
  -230.6667 |          5        0.11       41.31
       -230 |          5        0.11       41.41
     -226.4 |          6        0.13       41.55
       -224 |          3        0.07       41.61
  -222.6667 |          4        0.09       41.70
     -217.2 |          4        0.09       41.78
  -214.6667 |          7        0.15       41.94
  -212.6667 |          3        0.07       42.00
     -207.2 |          3        0.07       42.07
  -206.5333 |          4        0.09       42.15
  -205.3333 |          3        0.07       42.22
  -202.6667 |         11        0.24       42.46
  -201.0667 |         10        0.22       42.68
  -199.7333 |          4        0.09       42.76
     -199.2 |          2        0.04       42.81
  -198.6667 |         10        0.22       43.03
  -197.3333 |         10        0.22       43.24
  -196.6667 |          3        0.07       43.31
       -196 |          3        0.07       43.37
  -195.3333 |          3        0.07       43.44
  -194.6667 |          9        0.20       43.63
       -194 |          4        0.09       43.72
  -193.3333 |          6        0.13       43.85
       -192 |          3        0.07       43.92
  -190.5333 |          4        0.09       44.00
       -190 |          5        0.11       44.11
  -189.3333 |          9        0.20       44.31
  -188.6667 |          5        0.11       44.42
  -188.2667 |          3        0.07       44.48
  -187.3333 |          8        0.17       44.66
     -186.4 |          3        0.07       44.72
  -184.9333 |          7        0.15       44.87
       -184 |          3        0.07       44.94
  -183.7333 |          3        0.07       45.01
     -183.6 |          4        0.09       45.09
     -182.8 |          2        0.04       45.14
  -182.6667 |          3        0.07       45.20
  -182.5333 |          3        0.07       45.27
  -181.3333 |         17        0.37       45.64
       -180 |          5        0.11       45.75
  -177.3333 |          8        0.17       45.92
       -176 |         10        0.22       46.14
  -174.6667 |          8        0.17       46.31
  -173.3333 |          3        0.07       46.38
       -172 |         11        0.24       46.62
  -171.3333 |          6        0.13       46.75
  -170.6667 |          7        0.15       46.90
  -170.6667 |          3        0.07       46.96
       -170 |          4        0.09       47.05
  -169.3333 |         11        0.24       47.29
       -168 |          3        0.07       47.36
       -168 |          5        0.11       47.46
       -168 |         10        0.22       47.68
       -166 |          6        0.13       47.81
  -165.3333 |          8        0.17       47.99
  -165.3333 |         17        0.37       48.36
  -164.6667 |          3        0.07       48.42
  -164.5333 |          9        0.20       48.62
       -164 |         14        0.30       48.92
  -163.3333 |         13        0.28       49.21
     -162.8 |          3        0.07       49.27
  -162.6667 |          6        0.13       49.40
       -162 |          6        0.13       49.53
       -160 |          7        0.15       49.68
       -160 |          3        0.07       49.75
  -158.6667 |         11        0.24       49.99
  -158.6667 |          3        0.07       50.05
  -157.3333 |          5        0.11       50.16
  -156.6667 |          5        0.11       50.27
       -156 |          6        0.13       50.40
  -154.6667 |          6        0.13       50.53
  -154.1333 |          5        0.11       50.64
  -153.3333 |          4        0.09       50.73
  -152.6667 |          5        0.11       50.84
       -152 |          3        0.07       50.90
       -152 |          9        0.20       51.10
  -151.3333 |          5        0.11       51.21
     -151.2 |          7        0.15       51.36
  -150.6667 |          3        0.07       51.43
  -150.2667 |          4        0.09       51.51
       -150 |          3        0.07       51.58
       -150 |          4        0.09       51.66
       -150 |          8        0.17       51.84
       -148 |          3        0.07       51.90
  -147.3333 |          3        0.07       51.97
  -146.6667 |          6        0.13       52.10
       -146 |          3        0.07       52.17
       -146 |          4        0.09       52.25
  -145.3333 |          3        0.07       52.32
     -144.4 |          3        0.07       52.38
       -144 |          7        0.15       52.54
  -143.3333 |          6        0.13       52.67
       -142 |          4        0.09       52.75
  -140.6667 |          3        0.07       52.82
  -138.6667 |          9        0.20       53.01
  -138.1333 |          4        0.09       53.10
  -137.3333 |         11        0.24       53.34
  -137.3333 |          7        0.15       53.49
  -136.5333 |          6        0.13       53.62
  -134.6667 |          3        0.07       53.69
  -133.3333 |          3        0.07       53.75
  -133.3333 |          4        0.09       53.84
     -132.8 |          3        0.07       53.91
  -132.1333 |          4        0.09       53.99
       -132 |          3        0.07       54.06
       -132 |          3        0.07       54.12
  -130.6667 |          9        0.20       54.32
  -129.3333 |         11        0.24       54.56
       -128 |          6        0.13       54.69
  -127.3333 |          7        0.15       54.84
  -126.6667 |          6        0.13       54.97
       -126 |          4        0.09       55.06
  -125.8667 |          6        0.13       55.19
  -125.8667 |          3        0.07       55.26
  -125.4667 |          3        0.07       55.32
  -125.3333 |         12        0.26       55.58
  -124.6667 |          3        0.07       55.65
       -124 |          3        0.07       55.71
       -124 |          3        0.07       55.78
  -123.4667 |          3        0.07       55.84
  -123.3333 |         10        0.22       56.06
     -122.8 |          3        0.07       56.13
  -122.6667 |         10        0.22       56.34
  -122.5333 |          4        0.09       56.43
  -121.7333 |          4        0.09       56.52
  -121.3333 |          6        0.13       56.65
  -121.3333 |          3        0.07       56.71
  -121.3333 |          4        0.09       56.80
       -120 |         10        0.22       57.02
       -120 |          3        0.07       57.08
  -118.9333 |          4        0.09       57.17
  -118.6667 |          6        0.13       57.30
  -118.6667 |          3        0.07       57.37
       -118 |         13        0.28       57.65
  -117.7333 |          3        0.07       57.71
  -117.4667 |          3        0.07       57.78
  -117.3333 |          3        0.07       57.85
       -116 |          5        0.11       57.95
  -115.3333 |          3        0.07       58.02
  -114.6667 |          3        0.07       58.08
  -114.6667 |          3        0.07       58.15
  -114.2667 |          4        0.09       58.24
  -114.1333 |          7        0.15       58.39
  -114.1333 |          3        0.07       58.45
       -114 |          7        0.15       58.61
       -114 |          3        0.07       58.67
     -112.8 |          3        0.07       58.74
  -112.6667 |          4        0.09       58.82
  -112.5333 |          4        0.09       58.91
       -112 |          3        0.07       58.98
       -112 |          3        0.07       59.04
       -112 |          3        0.07       59.11
     -111.6 |          4        0.09       59.19
  -111.3333 |          3        0.07       59.26
  -110.6667 |          9        0.20       59.46
  -110.6667 |          5        0.11       59.56
  -109.3333 |          4        0.09       59.65
  -108.1333 |          3        0.07       59.72
       -108 |         15        0.33       60.04
  -107.7333 |          3        0.07       60.11
     -107.2 |          4        0.09       60.20
  -107.0667 |          3        0.07       60.26
  -106.6667 |          6        0.13       60.39
  -106.1333 |          6        0.13       60.52
       -106 |          4        0.09       60.61
  -105.3333 |          4        0.09       60.70
       -104 |          5        0.11       60.81
  -103.3333 |          4        0.09       60.89
     -102.8 |          3        0.07       60.96
  -97.33334 |          3        0.07       61.02
        -96 |          6        0.13       61.15
  -95.33334 |          3        0.07       61.22
  -94.66666 |          6        0.13       61.35
        -94 |          5        0.11       61.46
  -92.66666 |          3        0.07       61.52
  -92.53333 |          7        0.15       61.68
  -90.26666 |          3        0.07       61.74
  -87.86667 |          5        0.11       61.85
  -84.00001 |          3        0.07       61.92
  -81.33334 |          3        0.07       61.98
  -80.66666 |          3        0.07       62.05
  -79.73333 |          7        0.15       62.20
  -77.33333 |          3        0.07       62.26
  -75.99999 |          7        0.15       62.42
  -74.13334 |          3        0.07       62.48
  -69.33334 |          4        0.09       62.57
  -69.06666 |          4        0.09       62.66
  -68.66666 |          3        0.07       62.72
  -68.53333 |         11        0.24       62.96
  -65.73333 |          4        0.09       63.05
  -60.93333 |          4        0.09       63.13
  -55.42221 |          6        0.13       63.26
  -55.33333 |          7        0.15       63.42
  -53.64446 |         11        0.24       63.66
  -51.44445 |          9        0.20       63.85
  -50.88889 |          8        0.17       64.03
  -49.66667 |          4        0.09       64.11
  -46.11111 |          5        0.11       64.22
  -45.77777 |          6        0.13       64.35
  -44.11111 |          4        0.09       64.44
        -44 |          4        0.09       64.53
  -43.33333 |         17        0.37       64.90
  -43.22223 |          5        0.11       65.01
  -43.15556 |          6        0.13       65.14
  -42.88889 |          5        0.11       65.24
  -42.55555 |          8        0.17       65.42
  -42.44445 |          5        0.11       65.53
  -41.77778 |          4        0.09       65.61
  -41.77778 |          5        0.11       65.72
  -41.22222 |          7        0.15       65.88
        -41 |          5        0.11       65.98
  -40.66667 |          7        0.15       66.14
  -39.77778 |          5        0.11       66.25
  -39.77778 |         10        0.22       66.46
  -39.55555 |          9        0.20       66.66
  -39.44445 |          6        0.13       66.79
  -39.08889 |          5        0.11       66.90
  -38.88889 |          6        0.13       67.03
  -38.86668 |          4        0.09       67.12
  -38.11111 |         18        0.39       67.51
  -37.13334 |          4        0.09       67.60
  -36.88889 |          4        0.09       67.68
  -36.86667 |          7        0.15       67.83
  -36.66667 |          5        0.11       67.94
   -35.5111 |         17        0.37       68.31
  -34.88889 |          5        0.11       68.42
  -34.66667 |          6        0.13       68.55
  -34.22222 |          6        0.13       68.68
        -34 |         12        0.26       68.94
  -33.53334 |          7        0.15       69.10
  -33.44445 |          4        0.09       69.18
  -33.22222 |          5        0.11       69.29
        -33 |         13        0.28       69.58
  -32.66667 |          8        0.17       69.75
  -32.33333 |          7        0.15       69.90
  -32.31112 |          8        0.17       70.08
  -31.33333 |          9        0.20       70.27
  -30.55555 |          4        0.09       70.36
  -30.42222 |         10        0.22       70.58
  -29.44444 |          4        0.09       70.66
  -29.33333 |          4        0.09       70.75
   -28.6889 |          5        0.11       70.86
  -28.22222 |          6        0.13       70.99
  -28.04445 |          9        0.20       71.19
  -27.77778 |          9        0.20       71.38
  -27.55555 |          4        0.09       71.47
  -26.57778 |          4        0.09       71.56
  -26.44444 |          5        0.11       71.66
  -26.35556 |         11        0.24       71.90
  -26.22222 |          6        0.13       72.03
  -25.33333 |          4        0.09       72.12
  -24.88889 |          6        0.13       72.25
      -24.8 |          4        0.09       72.34
  -24.66667 |          4        0.09       72.43
  -22.77778 |          5        0.11       72.54
  -22.33333 |          6        0.13       72.67
  -21.75556 |          4        0.09       72.75
  -21.55556 |          4        0.09       72.84
  -19.77778 |          6        0.13       72.97
  -19.35556 |          5        0.11       73.08
   -19.3111 |          6        0.13       73.21
  -18.88889 |          5        0.11       73.32
        -18 |          9        0.20       73.51
  -17.66667 |         10        0.22       73.73
        -16 |          4        0.09       73.82
  -14.33333 |          7        0.15       73.97
  -14.15556 |          6        0.13       74.10
  -13.15556 |          6        0.13       74.23
  -11.42223 |          6        0.13       74.36
  -10.97778 |          5        0.11       74.47
  -10.04444 |          4        0.09       74.56
  -9.977773 |          4        0.09       74.65
  -8.555556 |          5        0.11       74.76
   -7.66667 |          4        0.09       74.84
  -7.666667 |          5        0.11       74.95
         -4 |          5        0.11       75.06
   4.666667 |         10        0.22       75.28
   8.199996 |          5        0.11       75.39
       8.76 |          6        0.13       75.52
         10 |          9        0.20       75.71
       10.8 |          7        0.15       75.87
   10.99999 |          5        0.11       75.97
   12.39999 |          9        0.20       76.17
   12.79999 |          6        0.13       76.30
   12.79999 |          6        0.13       76.43
       13.4 |          6        0.13       76.56
      13.68 |          8        0.17       76.74
      14.64 |         10        0.22       76.95
       15.2 |         14        0.30       77.26
       15.2 |         14        0.30       77.56
      15.36 |          5        0.11       77.67
       15.4 |         10        0.22       77.89
      15.56 |          7        0.15       78.04
       15.6 |          7        0.15       78.19
      16.32 |          8        0.17       78.37
   16.39999 |         11        0.24       78.61
   16.40001 |          7        0.15       78.76
       16.8 |          7        0.15       78.91
         17 |          7        0.15       79.06
      17.08 |          6        0.13       79.19
   17.20001 |         14        0.30       79.50
       17.6 |          5        0.11       79.61
      18.36 |          6        0.13       79.74
       19.2 |          8        0.17       79.91
   19.59999 |          7        0.15       80.07
   20.20001 |         12        0.26       80.33
       20.6 |          9        0.20       80.52
   21.76001 |          5        0.11       80.63
   21.80001 |          9        0.20       80.83
      21.84 |         11        0.24       81.07
   22.60001 |          6        0.13       81.20
   23.00001 |         12        0.26       81.46
       23.2 |          7        0.15       81.61
   23.33867 |          8        0.17       81.78
      23.64 |          6        0.13       81.92
      23.76 |          6        0.13       82.05
   25.00001 |          6        0.13       82.18
      25.08 |         12        0.26       82.44
      25.32 |          9        0.20       82.63
   25.59999 |          7        0.15       82.79
      25.84 |          6        0.13       82.92
      28.32 |          5        0.11       83.03
   29.86667 |          8        0.17       83.20
   30.00001 |         10        0.22       83.42
   30.29333 |         10        0.22       83.63
   30.77333 |          8        0.17       83.81
      31.08 |          6        0.13       83.94
    32.0127 |          8        0.17       84.11
      32.72 |          6        0.13       84.24
   33.22667 |          8        0.17       84.42
   33.53067 |          7        0.15       84.57
   33.80001 |          5        0.11       84.68
   33.86666 |          9        0.20       84.87
   33.93067 |          7        0.15       85.03
     34.384 |          9        0.20       85.22
     35.408 |          9        0.20       85.42
   36.14933 |         11        0.24       85.66
   36.60267 |         10        0.22       85.88
      36.72 |          7        0.15       86.03
   36.80533 |          9        0.20       86.22
      37.12 |         13        0.28       86.51
      38.24 |          8        0.17       86.68
   39.90934 |         11        0.24       86.92
         40 |          6        0.13       87.05
   40.61867 |         11        0.24       87.29
   41.75238 |          8        0.17       87.46
   42.28571 |         10        0.22       87.68
      43.68 |          7        0.15       87.83
   43.74603 |          7        0.15       87.99
   44.23061 |          9        0.20       88.18
     45.264 |          6        0.13       88.31
      45.76 |          6        0.13       88.44
      45.84 |         11        0.24       88.68
   46.21333 |          7        0.15       88.84
    46.8254 |          7        0.15       88.99
   46.90667 |          8        0.17       89.16
    47.9619 |         10        0.22       89.38
   48.13867 |          8        0.17       89.55
   48.46934 |         13        0.28       89.84
   48.73016 |          7        0.15       89.99
   48.80612 |         16        0.35       90.34
   48.95238 |          7        0.15       90.49
   49.21067 |          6        0.13       90.62
   49.30159 |         14        0.30       90.92
   49.81334 |          8        0.17       91.10
   50.95466 |         11        0.24       91.34
   53.02041 |         11        0.24       91.58
   53.57827 |         20        0.44       92.01
   53.93651 |          9        0.20       92.21
   55.01587 |         12        0.26       92.47
   57.74603 |         12        0.26       92.73
   57.89388 |         15        0.33       93.06
   58.28571 |         18        0.39       93.45
   58.50793 |         13        0.28       93.73
   59.39683 |          8        0.17       93.91
   59.50204 |         12        0.26       94.17
   61.85306 |         16        0.35       94.52
   65.77778 |         10        0.22       94.73
   65.78909 |         17        0.37       95.10
   65.96111 |         20        0.44       95.54
    66.2653 |         12        0.26       95.80
   66.38546 |         18        0.39       96.19
     66.576 |          8        0.17       96.37
   67.18368 |         18        0.39       96.76
   67.63673 |         10        0.22       96.97
   68.84509 |         13        0.28       97.26
   71.39683 |          8        0.17       97.43
   75.48363 |         18        0.39       97.82
    75.7347 |         27        0.59       98.41
   76.75511 |          9        0.20       98.61
   80.50204 |         10        0.22       98.82
   82.01378 |         18        0.39       99.22
   91.36735 |          9        0.20       99.41
   95.21245 |         27        0.59      100.00
------------+-----------------------------------
      Total |      4,595      100.00
r; t=0.22 10:37:17

. sum             PRE_sep

    Variable |        Obs        Mean    Std. dev.       Min        Max
-------------+---------------------------------------------------------
     PRE_sep |      4,595   -331.7081    381.9062      -1576   95.21245
r; t=0.01 10:37:17

. drop            temp_PRE_sep
r; t=0.00 10:37:17

. 
. ***Stigma-Scale
. tab1            PSV0100a-PSV0100i

-> tabulation of PSV0100a  

Arbeitsl. Befr.: schwierig, Beziehungen |
        mit Erwerbstaetigen aufrecht zu |
                               erhalten |      Freq.     Percent        Cum.
----------------------------------------+-----------------------------------
Item in Fragebogenversion nicht erhoben |         90        1.03        1.03
               Trifft nicht zu (Filter) |      6,504       74.53       75.56
                           Keine Angabe |          4        0.05       75.60
                            Weiss nicht |         10        0.11       75.72
                Trifft voll und ganz zu |        108        1.24       76.96
                         Trifft eher zu |        292        3.35       80.30
                   Trifft eher nicht zu |        732        8.39       88.69
             Trifft ueberhaupt nicht zu |        987       11.31      100.00
----------------------------------------+-----------------------------------
                                  Total |      8,727      100.00

-> tabulation of PSV0100b  

           Arbeitsl. Befr.: es ist eine |
  persoenliche Belastung, arbeitslos zu |
                                   sein |      Freq.     Percent        Cum.
----------------------------------------+-----------------------------------
Item in Fragebogenversion nicht erhoben |         90        1.03        1.03
               Trifft nicht zu (Filter) |      6,504       74.53       75.56
                           Keine Angabe |          5        0.06       75.62
                            Weiss nicht |          2        0.02       75.64
                Trifft voll und ganz zu |        946       10.84       86.48
                         Trifft eher zu |        696        7.98       94.45
                   Trifft eher nicht zu |        320        3.67       98.12
             Trifft ueberhaupt nicht zu |        164        1.88      100.00
----------------------------------------+-----------------------------------
                                  Total |      8,727      100.00

-> tabulation of PSV0100c  

 Arbeitsl. Befr.: fuer Arbeitsl. ist es |
    schwieriger als fuer Erwerbstaetige |      Freq.     Percent        Cum.
----------------------------------------+-----------------------------------
Item in Fragebogenversion nicht erhoben |         90        1.03        1.03
               Trifft nicht zu (Filter) |      6,504       74.53       75.56
                           Keine Angabe |          4        0.05       75.60
                            Weiss nicht |         13        0.15       75.75
                Trifft voll und ganz zu |      1,111       12.73       88.48
                         Trifft eher zu |        719        8.24       96.72
                   Trifft eher nicht zu |        221        2.53       99.26
             Trifft ueberhaupt nicht zu |         65        0.74      100.00
----------------------------------------+-----------------------------------
                                  Total |      8,727      100.00

-> tabulation of PSV0100d  

Arbeitsl. Befr.: die meisten haben mehr |
         Vorurteile ueber Arbeitsl. als |
                              zugegeben |      Freq.     Percent        Cum.
----------------------------------------+-----------------------------------
Item in Fragebogenversion nicht erhoben |         90        1.03        1.03
               Trifft nicht zu (Filter) |      6,504       74.53       75.56
                           Keine Angabe |          3        0.03       75.59
                            Weiss nicht |         40        0.46       76.05
                Trifft voll und ganz zu |      1,074       12.31       88.36
                         Trifft eher zu |        782        8.96       97.32
                   Trifft eher nicht zu |        200        2.29       99.61
             Trifft ueberhaupt nicht zu |         34        0.39      100.00
----------------------------------------+-----------------------------------
                                  Total |      8,727      100.00

-> tabulation of PSV0100e  

 Arbeitsl. Befr.: fuehle mich Arbeitsl. |
     eher verbunden als Erwerbstaetigen |      Freq.     Percent        Cum.
----------------------------------------+-----------------------------------
Item in Fragebogenversion nicht erhoben |         90        1.03        1.03
               Trifft nicht zu (Filter) |      6,504       74.53       75.56
                           Keine Angabe |         14        0.16       75.72
                            Weiss nicht |         30        0.34       76.06
                Trifft voll und ganz zu |        157        1.80       77.86
                         Trifft eher zu |        279        3.20       81.06
                   Trifft eher nicht zu |        920       10.54       91.60
             Trifft ueberhaupt nicht zu |        733        8.40      100.00
----------------------------------------+-----------------------------------
                                  Total |      8,727      100.00

-> tabulation of PSV0100f  

     Arbeitsl. Befr.: fuehle mich pers. |
        betroffen von Vorurteilen ueber |
                              Arbeitsl. |      Freq.     Percent        Cum.
----------------------------------------+-----------------------------------
Item in Fragebogenversion nicht erhoben |         90        1.03        1.03
               Trifft nicht zu (Filter) |      6,504       74.53       75.56
                           Keine Angabe |          5        0.06       75.62
                            Weiss nicht |         19        0.22       75.83
                Trifft voll und ganz zu |        421        4.82       80.66
                         Trifft eher zu |        468        5.36       86.02
                   Trifft eher nicht zu |        762        8.73       94.75
             Trifft ueberhaupt nicht zu |        458        5.25      100.00
----------------------------------------+-----------------------------------
                                  Total |      8,727      100.00

-> tabulation of PSV0100g  

       Arbeitsl. Befr.: verheimliche in |
           bestimmten Situationen meine |
                       Arbeitslosigkeit |      Freq.     Percent        Cum.
----------------------------------------+-----------------------------------
Item in Fragebogenversion nicht erhoben |         90        1.03        1.03
               Trifft nicht zu (Filter) |      6,504       74.53       75.56
                           Keine Angabe |          6        0.07       75.63
                            Weiss nicht |          9        0.10       75.73
                Trifft voll und ganz zu |        240        2.75       78.48
                         Trifft eher zu |        343        3.93       82.41
                   Trifft eher nicht zu |        623        7.14       89.55
             Trifft ueberhaupt nicht zu |        912       10.45      100.00
----------------------------------------+-----------------------------------
                                  Total |      8,727      100.00

-> tabulation of PSV0100h  

  Arbeitsl. Befr.: vermeide Situationen |
        i.d. Vorurteile ueber Arbeitsl. |
                              aufkommen |      Freq.     Percent        Cum.
----------------------------------------+-----------------------------------
Item in Fragebogenversion nicht erhoben |         90        1.03        1.03
               Trifft nicht zu (Filter) |      6,504       74.53       75.56
                           Keine Angabe |         11        0.13       75.68
                            Weiss nicht |         49        0.56       76.25
                Trifft voll und ganz zu |        346        3.96       80.21
                         Trifft eher zu |        493        5.65       85.86
                   Trifft eher nicht zu |        678        7.77       93.63
             Trifft ueberhaupt nicht zu |        556        6.37      100.00
----------------------------------------+-----------------------------------
                                  Total |      8,727      100.00

-> tabulation of PSV0100i  

Arbeitsl. Befr.: versuche so schnell es |
   geht wieder Arbeitsplatz zu bekommen |      Freq.     Percent        Cum.
----------------------------------------+-----------------------------------
Item in Fragebogenversion nicht erhoben |         90        1.03        1.03
               Trifft nicht zu (Filter) |      6,504       74.53       75.56
                           Keine Angabe |         10        0.11       75.67
                            Weiss nicht |         12        0.14       75.81
                Trifft voll und ganz zu |      1,207       13.83       89.64
                         Trifft eher zu |        488        5.59       95.23
                   Trifft eher nicht zu |        250        2.86       98.10
             Trifft ueberhaupt nicht zu |        166        1.90      100.00
----------------------------------------+-----------------------------------
                                  Total |      8,727      100.00
r; t=0.08 10:37:17

. sum             PSV0100a-PSV0100i

    Variable |        Obs        Mean    Std. dev.       Min        Max
-------------+---------------------------------------------------------
    PSV0100a |      8,727   -1.557695    2.833178        -10          4
    PSV0100b |      8,727   -1.887246    2.288724        -10          4
    PSV0100c |      8,727   -1.943509    2.183879        -10          4
    PSV0100d |      8,727   -1.957603    2.159424        -10          4
    PSV0100e |      8,727   -1.611436    2.755225        -10          4
-------------+---------------------------------------------------------
    PSV0100f |      8,727   -1.714908    2.586764        -10          4
    PSV0100g |      8,727   -1.603071    2.769986        -10          4
    PSV0100h |      8,727   -1.706543    2.611911        -10          4
    PSV0100i |      8,727   -1.930446    2.223239        -10          4
r; t=0.04 10:37:17

. 
. tab             PSV0100a

Arbeitsl. Befr.: schwierig, Beziehungen |
        mit Erwerbstaetigen aufrecht zu |
                               erhalten |      Freq.     Percent        Cum.
----------------------------------------+-----------------------------------
Item in Fragebogenversion nicht erhoben |         90        1.03        1.03
               Trifft nicht zu (Filter) |      6,504       74.53       75.56
                           Keine Angabe |          4        0.05       75.60
                            Weiss nicht |         10        0.11       75.72
                Trifft voll und ganz zu |        108        1.24       76.96
                         Trifft eher zu |        292        3.35       80.30
                   Trifft eher nicht zu |        732        8.39       88.69
             Trifft ueberhaupt nicht zu |        987       11.31      100.00
----------------------------------------+-----------------------------------
                                  Total |      8,727      100.00
r; t=0.01 10:37:17

. tab                     PSV0100a, nol

  Arbeitsl. |
     Befr.: |
 schwierig, |
Beziehungen |
        mit |
Erwerbstaet |
       igen |
aufrecht zu |
   erhalten |      Freq.     Percent        Cum.
------------+-----------------------------------
        -10 |         90        1.03        1.03
         -3 |      6,504       74.53       75.56
         -2 |          4        0.05       75.60
         -1 |         10        0.11       75.72
          1 |        108        1.24       76.96
          2 |        292        3.35       80.30
          3 |        732        8.39       88.69
          4 |        987       11.31      100.00
------------+-----------------------------------
      Total |      8,727      100.00
r; t=0.00 10:37:17

. 
. local           i 1                     
r; t=0.00 10:37:17

. foreach         x of varlist PSV0100a-PSV0100i{
  2.         recode  `x' 1=4 2=3 3=2 4=1 -10=.a -9=.b -3=.c -2 -1=., gen(stigma_`i')
  3.         tab             stigma_`i', mis
  4.         local   i=`i'+1
  5.         disp    `i'
  6. }
(8,727 differences between PSV0100a and stigma_1)

  RECODE of |
   PSV0100a |
 (Arbeitsl. |
     Befr.: |
 schwierig, |
Beziehungen |
        mit |
Erwerbstaet |
      igen  |      Freq.     Percent        Cum.
------------+-----------------------------------
          1 |        987       11.31       11.31
          2 |        732        8.39       19.70
          3 |        292        3.35       23.04
          4 |        108        1.24       24.28
          . |         14        0.16       24.44
         .a |         90        1.03       25.47
         .c |      6,504       74.53      100.00
------------+-----------------------------------
      Total |      8,727      100.00
2
(8,727 differences between PSV0100b and stigma_2)

  RECODE of |
   PSV0100b |
 (Arbeitsl. |
  Befr.: es |
   ist eine |
persoenlich |
          e |
 Belastung, |
    arbeits |      Freq.     Percent        Cum.
------------+-----------------------------------
          1 |        164        1.88        1.88
          2 |        320        3.67        5.55
          3 |        696        7.98       13.52
          4 |        946       10.84       24.36
          . |          7        0.08       24.44
         .a |         90        1.03       25.47
         .c |      6,504       74.53      100.00
------------+-----------------------------------
      Total |      8,727      100.00
3
(8,727 differences between PSV0100c and stigma_3)

  RECODE of |
   PSV0100c |
 (Arbeitsl. |
Befr.: fuer |
  Arbeitsl. |
     ist es |
schwieriger |
  als fuer  |      Freq.     Percent        Cum.
------------+-----------------------------------
          1 |         65        0.74        0.74
          2 |        221        2.53        3.28
          3 |        719        8.24       11.52
          4 |      1,111       12.73       24.25
          . |         17        0.19       24.44
         .a |         90        1.03       25.47
         .c |      6,504       74.53      100.00
------------+-----------------------------------
      Total |      8,727      100.00
4
(8,727 differences between PSV0100d and stigma_4)

  RECODE of |
   PSV0100d |
 (Arbeitsl. |
 Befr.: die |
    meisten |
 haben mehr |
 Vorurteile |
  ueber Arb |      Freq.     Percent        Cum.
------------+-----------------------------------
          1 |         34        0.39        0.39
          2 |        200        2.29        2.68
          3 |        782        8.96       11.64
          4 |      1,074       12.31       23.95
          . |         43        0.49       24.44
         .a |         90        1.03       25.47
         .c |      6,504       74.53      100.00
------------+-----------------------------------
      Total |      8,727      100.00
5
(8,727 differences between PSV0100e and stigma_5)

  RECODE of |
   PSV0100e |
 (Arbeitsl. |
     Befr.: |
fuehle mich |
  Arbeitsl. |
       eher |
  verbunden |
     als Er |      Freq.     Percent        Cum.
------------+-----------------------------------
          1 |        733        8.40        8.40
          2 |        920       10.54       18.94
          3 |        279        3.20       22.14
          4 |        157        1.80       23.94
          . |         44        0.50       24.44
         .a |         90        1.03       25.47
         .c |      6,504       74.53      100.00
------------+-----------------------------------
      Total |      8,727      100.00
6
(8,727 differences between PSV0100f and stigma_6)

  RECODE of |
   PSV0100f |
 (Arbeitsl. |
     Befr.: |
fuehle mich |
      pers. |
  betroffen |
        von |
Vorurteilen |      Freq.     Percent        Cum.
------------+-----------------------------------
          1 |        458        5.25        5.25
          2 |        762        8.73       13.98
          3 |        468        5.36       19.34
          4 |        421        4.82       24.17
          . |         24        0.28       24.44
         .a |         90        1.03       25.47
         .c |      6,504       74.53      100.00
------------+-----------------------------------
      Total |      8,727      100.00
7
(8,727 differences between PSV0100g and stigma_7)

  RECODE of |
   PSV0100g |
 (Arbeitsl. |
     Befr.: |
verheimlich |
       e in |
 bestimmten |
Situationen |
       mein |      Freq.     Percent        Cum.
------------+-----------------------------------
          1 |        912       10.45       10.45
          2 |        623        7.14       17.59
          3 |        343        3.93       21.52
          4 |        240        2.75       24.27
          . |         15        0.17       24.44
         .a |         90        1.03       25.47
         .c |      6,504       74.53      100.00
------------+-----------------------------------
      Total |      8,727      100.00
8
(8,727 differences between PSV0100h and stigma_8)

  RECODE of |
   PSV0100h |
 (Arbeitsl. |
     Befr.: |
   vermeide |
Situationen |
       i.d. |
 Vorurteile |
     ueber  |      Freq.     Percent        Cum.
------------+-----------------------------------
          1 |        556        6.37        6.37
          2 |        678        7.77       14.14
          3 |        493        5.65       19.79
          4 |        346        3.96       23.75
          . |         60        0.69       24.44
         .a |         90        1.03       25.47
         .c |      6,504       74.53      100.00
------------+-----------------------------------
      Total |      8,727      100.00
9
(8,727 differences between PSV0100i and stigma_9)

  RECODE of |
   PSV0100i |
 (Arbeitsl. |
     Befr.: |
versuche so |
 schnell es |
geht wieder |
   Arbeitsp |      Freq.     Percent        Cum.
------------+-----------------------------------
          1 |        166        1.90        1.90
          2 |        250        2.86        4.77
          3 |        488        5.59       10.36
          4 |      1,207       13.83       24.19
          . |         22        0.25       24.44
         .a |         90        1.03       25.47
         .c |      6,504       74.53      100.00
------------+-----------------------------------
      Total |      8,727      100.00
10
r; t=0.25 10:37:17

. 
. label var       stigma_1 "Beziehungen zu Erwerbstätigen schwierig aufrecht zu erhalten"
r; t=0.00 10:37:17

. label var       stigma_2 "Arbeitslosigkeit persönliche Belastung"
r; t=0.00 10:37:17

. label var       stigma_3 "schwierige Situationen im Alltag"
r; t=0.00 10:37:17

. label var       stigma_4 "die meisten haben mehr Vorurteile als zugegeben"
r; t=0.00 10:37:17

. label var       stigma_5 "Arbeitslosen ggü. eher verbunden"
r; t=0.00 10:37:17

. label var       stigma_6 "fühlt sich pers. betroffen von Vorurteilen"
r; t=0.00 10:37:17

. label var       stigma_7 "verheimliche Arbeitslosigkeit"
r; t=0.00 10:37:17

. label var       stigma_8 "vermeide Situationen mit Vorurteilen"
r; t=0.00 10:37:17

. label var       stigma_9 "versuche schnellst möglich Arbeit zu finden"
r; t=0.00 10:37:18

. label def       stigma 4 "Trifft voll und ganz zu" 3 "Trifft eher zu" ///
>                         2 "Trifft eher nicht zu" 1 "Trifft überhaupt nicht zu"
r; t=0.00 10:37:18

. label val       stigma_* stigma
r; t=0.00 10:37:18

. 
. tab1            stigma_*

-> tabulation of stigma_1  

           Beziehungen zu |
 Erwerbstätigen schwierig |
     aufrecht zu erhalten |      Freq.     Percent        Cum.
--------------------------+-----------------------------------
Trifft überhaupt nicht zu |        987       46.58       46.58
     Trifft eher nicht zu |        732       34.54       81.12
           Trifft eher zu |        292       13.78       94.90
  Trifft voll und ganz zu |        108        5.10      100.00
--------------------------+-----------------------------------
                    Total |      2,119      100.00

-> tabulation of stigma_2  

         Arbeitslosigkeit |
    persönliche Belastung |      Freq.     Percent        Cum.
--------------------------+-----------------------------------
Trifft überhaupt nicht zu |        164        7.71        7.71
     Trifft eher nicht zu |        320       15.05       22.77
           Trifft eher zu |        696       32.74       55.50
  Trifft voll und ganz zu |        946       44.50      100.00
--------------------------+-----------------------------------
                    Total |      2,126      100.00

-> tabulation of stigma_3  

schwierige Situationen im |
                   Alltag |      Freq.     Percent        Cum.
--------------------------+-----------------------------------
Trifft überhaupt nicht zu |         65        3.07        3.07
     Trifft eher nicht zu |        221       10.44       13.52
           Trifft eher zu |        719       33.98       47.50
  Trifft voll und ganz zu |      1,111       52.50      100.00
--------------------------+-----------------------------------
                    Total |      2,116      100.00

-> tabulation of stigma_4  

   die meisten haben mehr |
 Vorurteile als zugegeben |      Freq.     Percent        Cum.
--------------------------+-----------------------------------
Trifft überhaupt nicht zu |         34        1.63        1.63
     Trifft eher nicht zu |        200        9.57       11.20
           Trifft eher zu |        782       37.42       48.61
  Trifft voll und ganz zu |      1,074       51.39      100.00
--------------------------+-----------------------------------
                    Total |      2,090      100.00

-> tabulation of stigma_5  

   Arbeitslosen ggü. eher |
                verbunden |      Freq.     Percent        Cum.
--------------------------+-----------------------------------
Trifft überhaupt nicht zu |        733       35.09       35.09
     Trifft eher nicht zu |        920       44.04       79.13
           Trifft eher zu |        279       13.36       92.48
  Trifft voll und ganz zu |        157        7.52      100.00
--------------------------+-----------------------------------
                    Total |      2,089      100.00

-> tabulation of stigma_6  

         fühlt sich pers. |
betroffen von Vorurteilen |      Freq.     Percent        Cum.
--------------------------+-----------------------------------
Trifft überhaupt nicht zu |        458       21.72       21.72
     Trifft eher nicht zu |        762       36.13       57.85
           Trifft eher zu |        468       22.19       80.04
  Trifft voll und ganz zu |        421       19.96      100.00
--------------------------+-----------------------------------
                    Total |      2,109      100.00

-> tabulation of stigma_7  

             verheimliche |
         Arbeitslosigkeit |      Freq.     Percent        Cum.
--------------------------+-----------------------------------
Trifft überhaupt nicht zu |        912       43.06       43.06
     Trifft eher nicht zu |        623       29.41       72.47
           Trifft eher zu |        343       16.19       88.67
  Trifft voll und ganz zu |        240       11.33      100.00
--------------------------+-----------------------------------
                    Total |      2,118      100.00

-> tabulation of stigma_8  

 vermeide Situationen mit |
              Vorurteilen |      Freq.     Percent        Cum.
--------------------------+-----------------------------------
Trifft überhaupt nicht zu |        556       26.82       26.82
     Trifft eher nicht zu |        678       32.71       59.53
           Trifft eher zu |        493       23.78       83.31
  Trifft voll und ganz zu |        346       16.69      100.00
--------------------------+-----------------------------------
                    Total |      2,073      100.00

-> tabulation of stigma_9  

       versuche schnellst |
 möglich Arbeit zu finden |      Freq.     Percent        Cum.
--------------------------+-----------------------------------
Trifft überhaupt nicht zu |        166        7.86        7.86
     Trifft eher nicht zu |        250       11.84       19.71
           Trifft eher zu |        488       23.12       42.82
  Trifft voll und ganz zu |      1,207       57.18      100.00
--------------------------+-----------------------------------
                    Total |      2,111      100.00
r; t=0.07 10:37:18

. 
. alpha           stigma_*, d item

Test scale = mean(unstandardized items)

                                                            Average
                             Item-test     Item-rest       interitem
Item         |  Obs  Sign   correlation   correlation     covariance      alpha
-------------+-----------------------------------------------------------------
stigma_1     | 2119    +       0.4490        0.2766        .2000822      0.7059
stigma_2     | 2126    +       0.6236        0.4658        .1720528      0.6698
stigma_3     | 2116    +       0.5441        0.4040        .1885774      0.6846
stigma_4     | 2090    +       0.4362        0.2932        .2036417      0.7020
stigma_5     | 2089    +       0.5260        0.3637        .1887991      0.6912
stigma_6     | 2109    +       0.6916        0.5407        .1580833      0.6541
stigma_7     | 2118    +       0.6200        0.4497        .1700132      0.6731
stigma_8     | 2073    +       0.6698        0.5123        .1614762      0.6601
stigma_9     | 2111    +       0.3595        0.1552        .2139789      0.7301
-------------+-----------------------------------------------------------------
Test scale   |                                             .1840773      0.7119
-------------------------------------------------------------------------------

Interitem covariances (obs=pairwise, see below)

          stigma_1  stigma_2  stigma_3  stigma_4  stigma_5  stigma_6  stigma_7  stigma_8
stigma_1    0.7567
stigma_2    0.1190    0.8848
stigma_3    0.0588    0.3398    0.6237
stigma_4    0.0118    0.1449    0.2087    0.5262
stigma_5    0.2793    0.1277    0.0992    0.0874    0.7809
stigma_6    0.1948    0.3116    0.2342    0.1941    0.3480    1.0749
stigma_7    0.2104    0.2093    0.1114    0.0758    0.1959    0.3888    1.0445
stigma_8    0.1992    0.2475    0.1663    0.1175    0.2404    0.4564    0.6152    1.0821
stigma_9   -0.0446    0.3056    0.1283    0.0799   -0.0386    0.0723    0.0613    0.0696

          stigma_9
stigma_9    0.9175

Pairwise number of observations

          stigma_1  stigma_2  stigma_3  stigma_4  stigma_5  stigma_6  stigma_7  stigma_8
stigma_1      2119
stigma_2      2117      2126
stigma_3      2110      2113      2116
stigma_4      2083      2087      2083      2090
stigma_5      2084      2086      2083      2061      2089
stigma_6      2106      2108      2101      2076      2080      2109
stigma_7      2112      2115      2109      2084      2085      2105      2118
stigma_8      2069      2071      2067      2043      2048      2066      2071      2073
stigma_9      2102      2107      2099      2072      2074      2093      2101      2058

          stigma_9
stigma_9      2111
r; t=0.17 10:37:18

. factor          stigma_*, pcf
(obs=1,996)

Factor analysis/correlation                      Number of obs    =      1,996
    Method: principal-component factors          Retained factors =          3
    Rotation: (unrotated)                        Number of params =         24

    --------------------------------------------------------------------------
         Factor  |   Eigenvalue   Difference        Proportion   Cumulative
    -------------+------------------------------------------------------------
        Factor1  |      2.82747      1.36349            0.3142       0.3142
        Factor2  |      1.46399      0.43563            0.1627       0.4768
        Factor3  |      1.02835      0.11127            0.1143       0.5911
        Factor4  |      0.91708      0.20189            0.1019       0.6930
        Factor5  |      0.71519      0.06697            0.0795       0.7725
        Factor6  |      0.64822      0.12386            0.0720       0.8445
        Factor7  |      0.52436      0.06364            0.0583       0.9027
        Factor8  |      0.46072      0.04611            0.0512       0.9539
        Factor9  |      0.41461            .            0.0461       1.0000
    --------------------------------------------------------------------------
    LR test: independent vs. saturated:  chi2(36) = 3402.10 Prob>chi2 = 0.0000

Factor loadings (pattern matrix) and unique variances

    -----------------------------------------------------------
        Variable |  Factor1   Factor2   Factor3 |   Uniqueness 
    -------------+------------------------------+--------------
        stigma_1 |   0.4290   -0.4608    0.2400 |      0.5460  
        stigma_2 |   0.6187    0.4412   -0.0721 |      0.4173  
        stigma_3 |   0.5710    0.4774    0.2865 |      0.3640  
        stigma_4 |   0.4495    0.4014    0.4050 |      0.4728  
        stigma_5 |   0.5351   -0.3850    0.3996 |      0.4057  
        stigma_6 |   0.7186   -0.1059    0.0665 |      0.4680  
        stigma_7 |   0.6337   -0.3155   -0.4752 |      0.2731  
        stigma_8 |   0.6887   -0.2635   -0.3860 |      0.3072  
        stigma_9 |   0.2321    0.5827   -0.4249 |      0.4260  
    -----------------------------------------------------------
r; t=0.13 10:37:18

. rotate          ,blanks(0.4)

Factor analysis/correlation                      Number of obs    =      1,996
    Method: principal-component factors          Retained factors =          3
    Rotation: orthogonal varimax (Kaiser off)    Number of params =         24

    --------------------------------------------------------------------------
         Factor  |     Variance   Difference        Proportion   Cumulative
    -------------+------------------------------------------------------------
        Factor1  |      1.99990      0.03591            0.2222       0.2222
        Factor2  |      1.96399      0.60807            0.2182       0.4404
        Factor3  |      1.35592            .            0.1507       0.5911
    --------------------------------------------------------------------------
    LR test: independent vs. saturated:  chi2(36) = 3402.10 Prob>chi2 = 0.0000

Rotated factor loadings (pattern matrix) and unique variances

    -----------------------------------------------------------
        Variable |  Factor1   Factor2   Factor3 |   Uniqueness 
    -------------+------------------------------+--------------
        stigma_1 |                       0.5906 |      0.5460  
        stigma_2 |             0.6638           |      0.4173  
        stigma_3 |             0.7934           |      0.3640  
        stigma_4 |             0.7097           |      0.4728  
        stigma_5 |                       0.6807 |      0.4057  
        stigma_6 |   0.5097    0.4164           |      0.4680  
        stigma_7 |   0.8508                     |      0.2731  
        stigma_8 |   0.8180                     |      0.3072  
        stigma_9 |                      -0.6182 |      0.4260  
    -----------------------------------------------------------
    (blanks represent abs(loading)<.4)

Factor rotation matrix

    -----------------------------------------
                 | Factor1  Factor2  Factor3 
    -------------+---------------------------
         Factor1 |  0.7152   0.6425   0.2752 
         Factor2 | -0.3430   0.6657  -0.6627 
         Factor3 | -0.6090   0.3796   0.6965 
    -----------------------------------------
r; t=0.16 10:37:18

. 
. alpha           stigma_1-stigma_8, d item

Test scale = mean(unstandardized items)

                                                            Average
                             Item-test     Item-rest       interitem
Item         |  Obs  Sign   correlation   correlation     covariance      alpha
-------------+-----------------------------------------------------------------
stigma_1     | 2119    +       0.4857        0.3079         .234375      0.7241
stigma_2     | 2126    +       0.5873        0.4114        .2138442      0.7047
stigma_3     | 2116    +       0.5380        0.3875        .2273274      0.7096
stigma_4     | 2090    +       0.4352        0.2834        .2450358      0.7261
stigma_5     | 2089    +       0.5656        0.4007        .2196478      0.7073
stigma_6     | 2109    +       0.7143        0.5608        .1839636      0.6715
stigma_7     | 2118    +       0.6420        0.4659        .1993588      0.6928
stigma_8     | 2073    +       0.6915        0.5304        .1883085      0.6783
-------------+-----------------------------------------------------------------
Test scale   |                                             .2139789      0.7301
-------------------------------------------------------------------------------

Interitem covariances (obs=pairwise, see below)

          stigma_1  stigma_2  stigma_3  stigma_4  stigma_5  stigma_6  stigma_7  stigma_8
stigma_1    0.7567
stigma_2    0.1190    0.8848
stigma_3    0.0588    0.3398    0.6237
stigma_4    0.0118    0.1449    0.2087    0.5262
stigma_5    0.2793    0.1277    0.0992    0.0874    0.7809
stigma_6    0.1948    0.3116    0.2342    0.1941    0.3480    1.0749
stigma_7    0.2104    0.2093    0.1114    0.0758    0.1959    0.3888    1.0445
stigma_8    0.1992    0.2475    0.1663    0.1175    0.2404    0.4564    0.6152    1.0821

Pairwise number of observations

          stigma_1  stigma_2  stigma_3  stigma_4  stigma_5  stigma_6  stigma_7  stigma_8
stigma_1      2119
stigma_2      2117      2126
stigma_3      2110      2113      2116
stigma_4      2083      2087      2083      2090
stigma_5      2084      2086      2083      2061      2089
stigma_6      2106      2108      2101      2076      2080      2109
stigma_7      2112      2115      2109      2084      2085      2105      2118
stigma_8      2069      2071      2067      2043      2048      2066      2071      2073
r; t=0.15 10:37:18

. factor          stigma_1-stigma_8, pcf
(obs=2,010)

Factor analysis/correlation                      Number of obs    =      2,010
    Method: principal-component factors          Retained factors =          2
    Rotation: (unrotated)                        Number of params =         15

    --------------------------------------------------------------------------
         Factor  |   Eigenvalue   Difference        Proportion   Cumulative
    -------------+------------------------------------------------------------
        Factor1  |      2.78872      1.46680            0.3486       0.3486
        Factor2  |      1.32193      0.33901            0.1652       0.5138
        Factor3  |      0.98292      0.17413            0.1229       0.6367
        Factor4  |      0.80879      0.14928            0.1011       0.7378
        Factor5  |      0.65950      0.13467            0.0824       0.8202
        Factor6  |      0.52484      0.02732            0.0656       0.8858
        Factor7  |      0.49751      0.08172            0.0622       0.9480
        Factor8  |      0.41579            .            0.0520       1.0000
    --------------------------------------------------------------------------
    LR test: independent vs. saturated:  chi2(28) = 3132.98 Prob>chi2 = 0.0000

Factor loadings (pattern matrix) and unique variances

    -------------------------------------------------
        Variable |  Factor1   Factor2 |   Uniqueness 
    -------------+--------------------+--------------
        stigma_1 |   0.4513   -0.4370 |      0.6054  
        stigma_2 |   0.5888    0.4017 |      0.4920  
        stigma_3 |   0.5548    0.6017 |      0.3302  
        stigma_4 |   0.4391    0.5569 |      0.4970  
        stigma_5 |   0.5559   -0.3001 |      0.6009  
        stigma_6 |   0.7263   -0.0354 |      0.4712  
        stigma_7 |   0.6440   -0.3585 |      0.4568  
        stigma_8 |   0.6975   -0.2786 |      0.4359  
    -------------------------------------------------
r; t=0.13 10:37:18

. rotate          ,blanks(0.4)

Factor analysis/correlation                      Number of obs    =      2,010
    Method: principal-component factors          Retained factors =          2
    Rotation: orthogonal varimax (Kaiser off)    Number of params =         15

    --------------------------------------------------------------------------
         Factor  |     Variance   Difference        Proportion   Cumulative
    -------------+------------------------------------------------------------
        Factor1  |      2.27062      0.43059            0.2838       0.2838
        Factor2  |      1.84003            .            0.2300       0.5138
    --------------------------------------------------------------------------
    LR test: independent vs. saturated:  chi2(28) = 3132.98 Prob>chi2 = 0.0000

Rotated factor loadings (pattern matrix) and unique variances

    -------------------------------------------------
        Variable |  Factor1   Factor2 |   Uniqueness 
    -------------+--------------------+--------------
        stigma_1 |   0.6226           |      0.6054  
        stigma_2 |             0.6730 |      0.4920  
        stigma_3 |             0.8136 |      0.3302  
        stigma_4 |             0.7089 |      0.4970  
        stigma_5 |   0.6255           |      0.6009  
        stigma_6 |   0.6052    0.4032 |      0.4712  
        stigma_7 |   0.7310           |      0.4568  
        stigma_8 |   0.7265           |      0.4359  
    -------------------------------------------------
    (blanks represent abs(loading)<.4)

Factor rotation matrix

    --------------------------------
                 | Factor1  Factor2 
    -------------+------------------
         Factor1 |  0.8042   0.5943 
         Factor2 | -0.5943   0.8042 
    --------------------------------
r; t=0.14 10:37:18

. 
. sum                     stigma_*

    Variable |        Obs        Mean    Std. dev.       Min        Max
-------------+---------------------------------------------------------
    stigma_1 |      2,119     1.77395    .8698936          1          4
    stigma_2 |      2,126    3.140169    .9406455          1          4
    stigma_3 |      2,116    3.359168    .7897188          1          4
    stigma_4 |      2,090    3.385646    .7253758          1          4
    stigma_5 |      2,089    1.932982    .8837121          1          4
-------------+---------------------------------------------------------
    stigma_6 |      2,109    2.403983    1.036755          1          4
    stigma_7 |      2,118    1.957979     1.02202          1          4
    stigma_8 |      2,073    2.303425    1.040248          1          4
    stigma_9 |      2,111    3.296068    .9578702          1          4
r; t=0.04 10:37:19

. 
. /*
> stigma_1        -> A
> stigma_2        -> B
> stigma_3        -> C
> stigma_4        -> D
> stigma_5        -> E
> stigma_6        -> F
> stigma_7        -> G
> stigma_8        -> H
> stigma_9        -> I
> */
. 
. *sum scale (complete)
. *i excluded, doesn't fit
. gen             stig_ind=stigma_1+stigma_2+stigma_3+stigma_4+stigma_5+stigma_6+stigma_7+sti
> gma_8
(6,717 missing values generated)
r; t=0.00 10:37:19

. tab             stig_ind, mis

   stig_ind |      Freq.     Percent        Cum.
------------+-----------------------------------
          8 |          4        0.05        0.05
          9 |          3        0.03        0.08
         10 |         13        0.15        0.23
         11 |         22        0.25        0.48
         12 |         29        0.33        0.81
         13 |         55        0.63        1.44
         14 |         52        0.60        2.04
         15 |         68        0.78        2.82
         16 |        126        1.44        4.26
         17 |        155        1.78        6.04
         18 |        178        2.04        8.08
         19 |        181        2.07       10.15
         20 |        189        2.17       12.32
         21 |        168        1.93       14.24
         22 |        166        1.90       16.15
         23 |        147        1.68       17.83
         24 |        106        1.21       19.04
         25 |        100        1.15       20.19
         26 |         82        0.94       21.13
         27 |         58        0.66       21.79
         28 |         46        0.53       22.32
         29 |         25        0.29       22.61
         30 |         18        0.21       22.81
         31 |         10        0.11       22.93
         32 |          9        0.10       23.03
          . |      6,717       76.97      100.00
------------+-----------------------------------
      Total |      8,727      100.00
r; t=0.01 10:37:19

. sum             stig_ind, d

                          stig_ind
-------------------------------------------------------------
      Percentiles      Smallest
 1%           11              8
 5%           13              8
10%           15              8       Obs               2,010
25%           17              8       Sum of wgt.       2,010

50%           20                      Mean           20.28358
                        Largest       Std. dev.      4.332288
75%           23             32
90%           26             32       Variance       18.76872
95%           28             32       Skewness       .0711979
99%           30             32       Kurtosis       2.818635
r; t=0.01 10:37:19

. hist            stig_ind, norm d
(start=8, width=1)
r; t=0.61 10:37:19

. 
. *0/100 normalized
. sum                     stig_ind

    Variable |        Obs        Mean    Std. dev.       Min        Max
-------------+---------------------------------------------------------
    stig_ind |      2,010    20.28358    4.332288          8         32
r; t=0.01 10:37:19

. gen             stig_con=((stig_ind-8)/(40-8))*100
(6,717 missing values generated)
r; t=0.00 10:37:19

. label var       stig_con "stigma consciousness"
r; t=0.00 10:37:19

. tab                     stig_con, mis

     stigma |
consciousne |
         ss |      Freq.     Percent        Cum.
------------+-----------------------------------
          0 |          4        0.05        0.05
      3.125 |          3        0.03        0.08
       6.25 |         13        0.15        0.23
      9.375 |         22        0.25        0.48
       12.5 |         29        0.33        0.81
     15.625 |         55        0.63        1.44
      18.75 |         52        0.60        2.04
     21.875 |         68        0.78        2.82
         25 |        126        1.44        4.26
     28.125 |        155        1.78        6.04
      31.25 |        178        2.04        8.08
     34.375 |        181        2.07       10.15
       37.5 |        189        2.17       12.32
     40.625 |        168        1.93       14.24
      43.75 |        166        1.90       16.15
     46.875 |        147        1.68       17.83
         50 |        106        1.21       19.04
     53.125 |        100        1.15       20.19
      56.25 |         82        0.94       21.13
     59.375 |         58        0.66       21.79
       62.5 |         46        0.53       22.32
     65.625 |         25        0.29       22.61
      68.75 |         18        0.21       22.81
     71.875 |         10        0.11       22.93
         75 |          9        0.10       23.03
          . |      6,717       76.97      100.00
------------+-----------------------------------
      Total |      8,727      100.00
r; t=0.01 10:37:19

. foreach var of varlist stigma_*{
  2.         replace stig_con=`var' if `var' == .a | `var' == .b | `var'==.c //MI impute only
>  imputes hard missings  
  3. }
(6,594 real changes made, 6,594 to missing)
(0 real changes made)
(0 real changes made)
(0 real changes made)
(0 real changes made)
(0 real changes made)
(0 real changes made)
(0 real changes made)
(0 real changes made)
r; t=0.02 10:37:19

. tab                     stig_con, mis

     stigma |
consciousne |
         ss |      Freq.     Percent        Cum.
------------+-----------------------------------
          0 |          4        0.05        0.05
      3.125 |          3        0.03        0.08
       6.25 |         13        0.15        0.23
      9.375 |         22        0.25        0.48
       12.5 |         29        0.33        0.81
     15.625 |         55        0.63        1.44
      18.75 |         52        0.60        2.04
     21.875 |         68        0.78        2.82
         25 |        126        1.44        4.26
     28.125 |        155        1.78        6.04
      31.25 |        178        2.04        8.08
     34.375 |        181        2.07       10.15
       37.5 |        189        2.17       12.32
     40.625 |        168        1.93       14.24
      43.75 |        166        1.90       16.15
     46.875 |        147        1.68       17.83
         50 |        106        1.21       19.04
     53.125 |        100        1.15       20.19
      56.25 |         82        0.94       21.13
     59.375 |         58        0.66       21.79
       62.5 |         46        0.53       22.32
     65.625 |         25        0.29       22.61
      68.75 |         18        0.21       22.81
     71.875 |         10        0.11       22.93
         75 |          9        0.10       23.03
          . |        123        1.41       24.44
         .a |         90        1.03       25.47
         .c |      6,504       74.53      100.00
------------+-----------------------------------
      Total |      8,727      100.00
r; t=0.01 10:37:19

. sum                     stig_con, d

                    stigma consciousness
-------------------------------------------------------------
      Percentiles      Smallest
 1%        9.375              0
 5%       15.625              0
10%       21.875              0       Obs               2,010
25%       28.125              0       Sum of wgt.       2,010

50%         37.5                      Mean           38.38619
                        Largest       Std. dev.       13.5384
75%       46.875             75
90%        56.25             75       Variance       183.2883
95%         62.5             75       Skewness       .0711979
99%        68.75             75       Kurtosis       2.818635
r; t=0.00 10:37:19

. hist            stig_con, norm d
(start=0, width=3.125)
r; t=0.59 10:37:20

. 
. gen _merge_nh = 0 
r; t=0.00 10:37:20

. replace _merge_nh = 1 if geo_grid_cell!=.
(8,727 real changes made)
r; t=0.00 10:37:20

. tab _merge_nh if stig_con<.

  _merge_nh |      Freq.     Percent        Cum.
------------+-----------------------------------
          1 |      2,010      100.00      100.00
------------+-----------------------------------
      Total |      2,010      100.00
r; t=0.00 10:37:20

. 
. ***Gender
. tab                     zpsex

         Steuervariable: Geschlecht des |
                 Befragten (aus HHgrid) |      Freq.     Percent        Cum.
----------------------------------------+-----------------------------------
                           Keine Angabe |          2        0.02        0.02
                              Maennlich |      4,080       46.75       46.77
                               Weiblich |      4,645       53.23      100.00
----------------------------------------+-----------------------------------
                                  Total |      8,727      100.00
r; t=0.00 10:37:20

. tab                     zpsex,nol

Steuervaria |
       ble: |
 Geschlecht |
        des |
  Befragten |
       (aus |
    HHgrid) |      Freq.     Percent        Cum.
------------+-----------------------------------
         -2 |          2        0.02        0.02
          1 |      4,080       46.75       46.77
          2 |      4,645       53.23      100.00
------------+-----------------------------------
      Total |      8,727      100.00
r; t=0.00 10:37:20

. recode          zpsex 1=0 2=1 -2 -4=., gen(female)
(8,727 differences between zpsex and female)
r; t=0.03 10:37:20

. label var       female "Gender (1=female)"
r; t=0.00 10:37:20

. tab             female

     Gender |
 (1=female) |      Freq.     Percent        Cum.
------------+-----------------------------------
          0 |      4,080       46.76       46.76
          1 |      4,645       53.24      100.00
------------+-----------------------------------
      Total |      8,725      100.00
r; t=0.00 10:37:20

. 
. ***Age
. codebook        palter

---------------------------------------------------------------------------------------------
palter                        Alter (Welle 1: gen. aus P1; ab Welle 2: beste Inf.), generiert
---------------------------------------------------------------------------------------------

                  Type: Numeric (byte)
                 Label: metric, but 56 nonmissing values are not labeled

                 Range: [15,70]                       Units: 1
         Unique values: 56                        Missing .: 0/8,727

              Examples: 29    
                        38    
                        47    
                        55    
r; t=0.08 10:37:20

. sum                     palter, d

       Alter (Welle 1: gen. aus P1; ab Welle 2: beste
                      Inf.), generiert
-------------------------------------------------------------
      Percentiles      Smallest
 1%           16             15
 5%           20             15
10%           23             15       Obs               8,727
25%           31             15       Sum of wgt.       8,727

50%           43                      Mean           41.91738
                        Largest       Std. dev.      13.17994
75%           53             69
90%           59             69       Variance       173.7109
95%           61             69       Skewness      -.1738741
99%           65             70       Kurtosis       1.959918
r; t=0.00 10:37:20

. recode          palter -2/-1=., gen(age)
(0 differences between palter and age)
r; t=0.01 10:37:20

. hist            age, norm d
(start=15, width=1)
r; t=0.61 10:37:21

. sum                     age, d

      RECODE of palter (Alter (Welle 1: gen. aus P1; ab
               Welle 2: beste Inf.), generier
-------------------------------------------------------------
      Percentiles      Smallest
 1%           16             15
 5%           20             15
10%           23             15       Obs               8,727
25%           31             15       Sum of wgt.       8,727

50%           43                      Mean           41.91738
                        Largest       Std. dev.      13.17994
75%           53             69
90%           59             69       Variance       173.7109
95%           61             69       Skewness      -.1738741
99%           65             70       Kurtosis       1.959918
r; t=0.01 10:37:21

. gen                     age_c=age-r(mean)
r; t=0.00 10:37:21

. gen                     age2=age*age
r; t=0.00 10:37:21

. sum             age2

    Variable |        Obs        Mean    Std. dev.       Min        Max
-------------+---------------------------------------------------------
        age2 |      8,727    1930.758    1087.707        225       4900
r; t=0.01 10:37:21

. gen                     age2_c=age2-r(mean)
r; t=0.00 10:37:21

. label var       age "age"
r; t=0.00 10:37:21

. label var       age_c "age (centered)"
r; t=0.00 10:37:21

. label var       age2 "Alter sqared"
r; t=0.01 10:37:21

. label var       age2_c "Alter sqared (centered)"
r; t=0.00 10:37:21

. 
. ***höchster Bildungsabschluss Befragte/r
. tab                     isced97, nol

    Bildung |
klassifizie |
    rt nach |
   isced97, |
    aktual. |
   Version, |
  generiert |      Freq.     Percent        Cum.
------------+-----------------------------------
         -5 |        212        2.43        2.43
         -4 |          8        0.09        2.52
         -2 |          4        0.05        2.57
         -1 |          1        0.01        2.58
          1 |        351        4.02        6.60
          2 |      1,444       16.55       23.15
          3 |        374        4.29       27.43
          4 |      3,866       44.30       71.73
          5 |        617        7.07       78.80
          6 |        839        9.61       88.42
          7 |        965       11.06       99.47
          8 |         46        0.53      100.00
------------+-----------------------------------
      Total |      8,727      100.00
r; t=0.01 10:37:21

. tab             isced97

    Bildung klassifiziert nach isced97, |
             aktual. Version, generiert |      Freq.     Percent        Cum.
----------------------------------------+-----------------------------------
                      TNZ/Noch Schueler |        212        2.43        2.43
       Frage irrtuemlich nicht gestellt |          8        0.09        2.52
                           Keine Angabe |          4        0.05        2.57
                            Weiss nicht |          1        0.01        2.58
1: Prim.: ohne Schul- & o. Berufsabschl |        351        4.02        6.60
 2: Sek.I: HS/RSA, ~Ber.|~Schul.+angel. |      1,444       16.55       23.15
3a: Sek. II allg.: FHR/HSR o. Berufsab. |        374        4.29       27.43
3b: Sek. II ber.: max. RSA + Lehre etc. |      3,866       44.30       71.73
     4a: Postsek.: FHR/HSR + Lehre etc. |        617        7.07       78.80
 5b: Tert. I (praxis): Meister, BA etc. |        839        9.61       88.42
            5a: Tert. I (wiss): FH, Uni |        965       11.06       99.47
                 6: Tert. II: Promotion |         46        0.53      100.00
----------------------------------------+-----------------------------------
                                  Total |      8,727      100.00
r; t=0.01 10:37:21

. recode          isced97 -8 -4 -2 -1=. -5=.a, gen(educ)
(225 differences between isced97 and educ)
r; t=0.01 10:37:21

. *-5 Filter for pupils
. recode          educ 1 2=1 3 4 5=2 6 7 8=3, gen(educ_kat)
(8,151 differences between educ and educ_kat)
r; t=0.02 10:37:21

. la var          educ_kat "educational level"
r; t=0.00 10:37:21

. la def          educ_kat_lab 1 "ISCED 1 und 2" 2 "ISCED 3 und 4" 3 "ISCED 5 und 6"
r; t=0.00 10:37:21

. la val          educ_kat educ_kat_lab
r; t=0.00 10:37:21

. tab             educ_kat isced97, mis

  educational |  Bildung klassifiziert nach isced97, aktual. Version, generiert
        level | TNZ/Noch   Frage irr  Keine Ang  Weiss nic  1: Prim.:  2: Sek.I: |     Total
--------------+------------------------------------------------------------------+----------
ISCED 1 und 2 |         0          0          0          0        351      1,444 |     1,795 
ISCED 3 und 4 |         0          0          0          0          0          0 |     4,857 
ISCED 5 und 6 |         0          0          0          0          0          0 |     1,850 
            . |         0          8          4          1          0          0 |        13 
           .a |       212          0          0          0          0          0 |       212 
--------------+------------------------------------------------------------------+----------
        Total |       212          8          4          1        351      1,444 |     8,727 


  educational |  Bildung klassifiziert nach isced97, aktual. Version, generiert
        level | 3a: Sek.   3b: Sek.   4a: Posts  5b: Tert.  5a: Tert.  6: Tert.  |     Total
--------------+------------------------------------------------------------------+----------
ISCED 1 und 2 |         0          0          0          0          0          0 |     1,795 
ISCED 3 und 4 |       374      3,866        617          0          0          0 |     4,857 
ISCED 5 und 6 |         0          0          0        839        965         46 |     1,850 
            . |         0          0          0          0          0          0 |        13 
           .a |         0          0          0          0          0          0 |       212 
--------------+------------------------------------------------------------------+----------
        Total |       374      3,866        617        839        965         46 |     8,727 
r; t=0.02 10:37:21

. 
. ***Citizenship
. tab1            PMI0400

-> tabulation of PMI0400  

                    Indikator: Deutsche |
                  Staatsangehoerigkeit? |      Freq.     Percent        Cum.
----------------------------------------+-----------------------------------
                                     Ja |      7,960       91.21       91.21
                                   Nein |        767        8.79      100.00
----------------------------------------+-----------------------------------
                                  Total |      8,727      100.00
r; t=0.02 10:37:21

. tab                     PMI0400, nol

 Indikator: |
   Deutsche |
Staatsangeh |
 oerigkeit? |      Freq.     Percent        Cum.
------------+-----------------------------------
          1 |      7,960       91.21       91.21
          2 |        767        8.79      100.00
------------+-----------------------------------
      Total |      8,727      100.00
r; t=0.01 10:37:21

. recode          PMI0400 -2/-1=. 2=0 1=1 , gen(ger)
(767 differences between PMI0400 and ger)
r; t=0.02 10:37:21

. la var          ger "German Citizenship"
r; t=0.00 10:37:21

. 
. ***Legal status
. tab                     famstand

               Familienstand, generiert |      Freq.     Percent        Cum.
----------------------------------------+-----------------------------------
                      Unplausibler Wert |         11        0.13        0.13
       Frage irrtuemlich nicht gestellt |         17        0.19        0.32
               Trifft nicht zu (Filter) |         44        0.50        0.83
                          Keine Antwort |          3        0.03        0.86
                                  Ledig |      3,307       37.89       38.75
 Verheiratet/eing. Lebensp., zus. lebd. |      3,353       38.42       77.17
Verheiratet/eing. Lebensp., getr. lebd. |        310        3.55       80.73
                             Geschieden |      1,512       17.33       98.05
                              Verwitwet |        170        1.95      100.00
----------------------------------------+-----------------------------------
                                  Total |      8,727      100.00
r; t=0.02 10:37:21

. tab                     famstand, nol

Familiensta |
        nd, |
  generiert |      Freq.     Percent        Cum.
------------+-----------------------------------
         -8 |         11        0.13        0.13
         -4 |         17        0.19        0.32
         -3 |         44        0.50        0.83
         -2 |          3        0.03        0.86
          1 |      3,307       37.89       38.75
          2 |      3,353       38.42       77.17
          3 |        310        3.55       80.73
          4 |      1,512       17.33       98.05
          5 |        170        1.95      100.00
------------+-----------------------------------
      Total |      8,727      100.00
r; t=0.01 10:37:21

. recode          famstand -8/-2=. 1 4 5=0 2 3=1, gen(marry)
(8,727 differences between famstand and marry)
r; t=0.02 10:37:21

. label var       marry "married/reg. relationship"
r; t=0.00 10:37:21

. tab                     marry famstand, mis

married/re |
        g. |
relationsh |                     Familienstand, generiert
        ip | Unplausib  Frage irr  Trifft ni  Keine Ant      Ledig  Verheirat |     Total
-----------+------------------------------------------------------------------+----------
         0 |         0          0          0          0      3,307          0 |     4,989 
         1 |         0          0          0          0          0      3,353 |     3,663 
         . |        11         17         44          3          0          0 |        75 
-----------+------------------------------------------------------------------+----------
     Total |        11         17         44          3      3,307      3,353 |     8,727 


married/re |
        g. |
relationsh |     Familienstand, generiert
        ip | Verheirat  Geschiede  Verwitwet |     Total
-----------+---------------------------------+----------
         0 |         0      1,512        170 |     4,989 
         1 |       310          0          0 |     3,663 
         . |         0          0          0 |        75 
-----------+---------------------------------+----------
     Total |       310      1,512        170 |     8,727 
r; t=0.01 10:37:21

. 
. ***Obligation to search for a job
. tab             PSU0100

       Verlangt Jobcenter Arbeitssuche? |      Freq.     Percent        Cum.
----------------------------------------+-----------------------------------
Item in Fragebogenversion nicht erhoben |         90        1.03        1.03
               Trifft nicht zu (Filter) |      5,313       60.88       61.91
                           Keine Angabe |         18        0.21       62.12
                            Weiss nicht |         11        0.13       62.24
                                     Ja |      1,687       19.33       81.57
                                   Nein |      1,171       13.42       94.99
              Nein, suche aber trotzdem |        437        5.01      100.00
----------------------------------------+-----------------------------------
                                  Total |      8,727      100.00
r; t=0.01 10:37:21

. tab             PSU0100, nol

   Verlangt |
  Jobcenter |
Arbeitssuch |
         e? |      Freq.     Percent        Cum.
------------+-----------------------------------
        -10 |         90        1.03        1.03
         -3 |      5,313       60.88       61.91
         -2 |         18        0.21       62.12
         -1 |         11        0.13       62.24
          1 |      1,687       19.33       81.57
          2 |      1,171       13.42       94.99
          3 |        437        5.01      100.00
------------+-----------------------------------
      Total |      8,727      100.00
r; t=0.01 10:37:21

. tab                     PSU0100 statakt

   Verlangt Jobcenter |     Aktueller Hauptstatus, generiert (ab Welle 2)
        Arbeitssuche? | Item fuer  Generieru  Erwerbsta  Arbeitslo  Schueler  |     Total
----------------------+-------------------------------------------------------+----------
Item in Fragebogenver |        90          0          0          0          0 |        90 
Trifft nicht zu (Filt |         0         44      3,784        345        262 |     5,313 
         Keine Angabe |         0          0         10          1          0 |        18 
          Weiss nicht |         0          0          5          4          0 |        11 
                   Ja |         0         13        170      1,418          0 |     1,687 
                 Nein |         0          3        268        642          2 |     1,171 
Nein, suche aber trot |         0          6         67        292          2 |       437 
----------------------+-------------------------------------------------------+----------
                Total |        90         66      4,304      2,702        266 |     8,727 


   Verlangt Jobcenter |     Aktueller Hauptstatus, generiert (ab Welle 2)
        Arbeitssuche? | Ausbildun  Wehr-/Ziv  Hausfrau/  Muttersch  Rentner/P |     Total
----------------------+-------------------------------------------------------+----------
Item in Fragebogenver |         0          0          0          0          0 |        90 
Trifft nicht zu (Filt |       365         10        228         56        135 |     5,313 
         Keine Angabe |         3          0          2          0          1 |        18 
          Weiss nicht |         1          0          0          0          0 |        11 
                   Ja |        15          1         39          7          3 |     1,687 
                 Nein |        79          1         60         57         27 |     1,171 
Nein, suche aber trot |        13          2         21         19          3 |       437 
----------------------+-------------------------------------------------------+----------
                Total |       476         14        350        139        169 |     8,727 


                      | Aktueller Hauptstatus, generiert (ab Welle
   Verlangt Jobcenter |                     2)
        Arbeitssuche? | Sonstiges  Arb.los,   Krank/ber  Selbst./m |     Total
----------------------+--------------------------------------------+----------
Item in Fragebogenver |         0          0          0          0 |        90 
Trifft nicht zu (Filt |        44          5         24         11 |     5,313 
         Keine Angabe |         0          0          1          0 |        18 
          Weiss nicht |         1          0          0          0 |        11 
                   Ja |        13          2          4          2 |     1,687 
                 Nein |        11          1         14          6 |     1,171 
Nein, suche aber trot |         4          0          8          0 |       437 
----------------------+--------------------------------------------+----------
                Total |        73          8         51         19 |     8,727 
r; t=0.03 10:37:21

. tab             PSU0100 fb_vers

                      |  Systemvariable: Art
   Verlangt Jobcenter |    des Fragebogens
        Arbeitssuche? | Personenf  Seniorenb |     Total
----------------------+----------------------+----------
Item in Fragebogenver |         0         90 |        90 
Trifft nicht zu (Filt |     5,313          0 |     5,313 
         Keine Angabe |        18          0 |        18 
          Weiss nicht |        11          0 |        11 
                   Ja |     1,687          0 |     1,687 
                 Nein |     1,171          0 |     1,171 
Nein, suche aber trot |       437          0 |       437 
----------------------+----------------------+----------
                Total |     8,637         90 |     8,727 
r; t=0.01 10:37:21

. recode          PSU0100 -10=.a -9 -4 -3 -2 -1=. 1=1 2 3=0, gen(search)
(7,040 differences between PSU0100 and search)
r; t=0.02 10:37:21

. label var       search "has to search for a job"
r; t=0.00 10:37:21

. tab                     search PSU0100, mis

    has to |
search for |                 Verlangt Jobcenter Arbeitssuche?
     a job | Item in F  Trifft ni  Keine Ang  Weiss nic         Ja       Nein |     Total
-----------+------------------------------------------------------------------+----------
         0 |         0          0          0          0          0      1,171 |     1,608 
         1 |         0          0          0          0      1,687          0 |     1,687 
         . |         0      5,313         18         11          0          0 |     5,342 
        .a |        90          0          0          0          0          0 |        90 
-----------+------------------------------------------------------------------+----------
     Total |        90      5,313         18         11      1,687      1,171 |     8,727 


           |  Verlangt
           | Jobcenter
    has to | Arbeitssuc
search for |    he?
     a job | Nein, suc |     Total
-----------+-----------+----------
         0 |       437 |     1,608 
         1 |         0 |     1,687 
         . |         0 |     5,342 
        .a |         0 |        90 
-----------+-----------+----------
     Total |       437 |     8,727 
r; t=0.01 10:37:21

. 
. ***occupations prestige of parents(based on oppucation at age of 15 of the respondent)
. tab1            misei1 visei1

-> tabulation of misei1  

 ISEI, Beruf der Mutter (Basis ISCO88), |
                                   gen. |      Freq.     Percent        Cum.
----------------------------------------+-----------------------------------
Item in Fragebogenversion nicht erhoben |          3        0.03        0.03
                        Nicht codierbar |        412        4.72        4.76
               Trifft nicht zu (Filter) |      3,128       35.84       40.60
                                     16 |        715        8.19       48.79
                                     19 |          7        0.08       48.87
                                     20 |        140        1.60       50.48
                                     21 |          4        0.05       50.52
                                     22 |         14        0.16       50.68
                                     23 |        322        3.69       54.37
                                     24 |         75        0.86       55.23
                                     25 |        166        1.90       57.13
                                     26 |         40        0.46       57.59
                                     27 |         26        0.30       57.89
                                     28 |         13        0.15       58.04
                                     29 |        137        1.57       59.61
                                     30 |        284        3.25       62.86
                                     31 |        147        1.68       64.55
                                     32 |        185        2.12       66.67
                                     33 |         35        0.40       67.07
                                     34 |        111        1.27       68.34
                                     35 |          8        0.09       68.43
                                     36 |         24        0.28       68.71
                                     37 |         22        0.25       68.96
                                     38 |        405        4.64       73.60
                                     39 |        107        1.23       74.83
                                     40 |         30        0.34       75.17
                                     41 |          1        0.01       75.18
                                     42 |          1        0.01       75.19
                                     43 |        655        7.51       82.70
                                     44 |         59        0.68       83.37
                                     45 |        258        2.96       86.33
                                     46 |         10        0.11       86.44
                                     48 |          4        0.05       86.49
                                     49 |         55        0.63       87.12
                                     50 |         30        0.34       87.46
                                     51 |        350        4.01       91.47
                                     52 |         43        0.49       91.97
                                     53 |         73        0.84       92.80
                                     54 |        205        2.35       95.15
                                     55 |         48        0.55       95.70
                                     56 |         34        0.39       96.09
                                     57 |          6        0.07       96.16
                                     58 |          1        0.01       96.17
                                     59 |         32        0.37       96.54
                                     60 |         24        0.28       96.81
                                     61 |          1        0.01       96.83
                                     64 |          9        0.10       96.93
                                     65 |         14        0.16       97.09
                                     66 |         51        0.58       97.67
                                     67 |          7        0.08       97.75
                                     68 |          5        0.06       97.81
                                     69 |        120        1.38       99.19
                                     70 |         16        0.18       99.37
                                     71 |          7        0.08       99.45
                                     73 |          4        0.05       99.50
                                     74 |          7        0.08       99.58
                                     77 |         10        0.11       99.69
                                     78 |          4        0.05       99.74
                                     79 |          1        0.01       99.75
                                     82 |          1        0.01       99.76
                                     83 |          1        0.01       99.77
                                     85 |          5        0.06       99.83
                                     88 |         15        0.17      100.00
----------------------------------------+-----------------------------------
                                  Total |      8,727      100.00

-> tabulation of visei1  

 ISEI (Basis ISCO88), Beruf des Vaters, |
                                   gen. |      Freq.     Percent        Cum.
----------------------------------------+-----------------------------------
Item in Fragebogenversion nicht erhoben |          3        0.03        0.03
                        Nicht codierbar |        882       10.11       10.14
               Trifft nicht zu (Filter) |      1,100       12.60       22.75
                                     16 |         47        0.54       23.28
                                     19 |         38        0.44       23.72
                                     20 |         82        0.94       24.66
                                     21 |         61        0.70       25.36
                                     22 |         35        0.40       25.76
                                     23 |        495        5.67       31.43
                                     24 |         21        0.24       31.67
                                     25 |         17        0.19       31.87
                                     26 |        170        1.95       33.81
                                     27 |         73        0.84       34.65
                                     28 |         78        0.89       35.54
                                     29 |        468        5.36       40.91
                                     30 |        732        8.39       49.30
                                     31 |        276        3.16       52.46
                                     32 |        111        1.27       53.73
                                     33 |        653        7.48       61.21
                                     34 |        690        7.91       69.12
                                     35 |         38        0.44       69.55
                                     36 |         36        0.41       69.97
                                     37 |        158        1.81       71.78
                                     38 |        112        1.28       73.06
                                     39 |         37        0.42       73.48
                                     40 |        189        2.17       75.65
                                     41 |         44        0.50       76.15
                                     42 |         17        0.19       76.35
                                     43 |        130        1.49       77.84
                                     44 |         51        0.58       78.42
                                     45 |        172        1.97       80.39
                                     46 |         46        0.53       80.92
                                     47 |          5        0.06       80.98
                                     48 |          2        0.02       81.00
                                     49 |         94        1.08       82.08
                                     50 |        138        1.58       83.66
                                     51 |        242        2.77       86.43
                                     52 |         41        0.47       86.90
                                     53 |         43        0.49       87.40
                                     54 |        142        1.63       89.02
                                     55 |         48        0.55       89.57
                                     56 |        121        1.39       90.96
                                     57 |         19        0.22       91.18
                                     58 |          7        0.08       91.26
                                     59 |         37        0.42       91.68
                                     60 |          9        0.10       91.78
                                     61 |          4        0.05       91.83
                                     64 |         48        0.55       92.38
                                     65 |         17        0.19       92.57
                                     66 |         24        0.28       92.85
                                     67 |         95        1.09       93.94
                                     68 |         24        0.28       94.21
                                     69 |        229        2.62       96.84
                                     70 |         60        0.69       97.52
                                     71 |         30        0.34       97.87
                                     73 |         30        0.34       98.21
                                     74 |         16        0.18       98.40
                                     77 |         55        0.63       99.03
                                     78 |         13        0.15       99.17
                                     79 |         11        0.13       99.30
                                     82 |          3        0.03       99.34
                                     83 |          3        0.03       99.37
                                     85 |         20        0.23       99.60
                                     87 |          1        0.01       99.61
                                     88 |         31        0.36       99.97
                                     90 |          3        0.03      100.00
----------------------------------------+-----------------------------------
                                  Total |      8,727      100.00
r; t=0.14 10:37:21

. tab                     misei1, nol

ISEI, Beruf |
 der Mutter |
     (Basis |
   ISCO88), |
       gen. |      Freq.     Percent        Cum.
------------+-----------------------------------
        -10 |          3        0.03        0.03
         -5 |        412        4.72        4.76
         -3 |      3,128       35.84       40.60
         16 |        715        8.19       48.79
         19 |          7        0.08       48.87
         20 |        140        1.60       50.48
         21 |          4        0.05       50.52
         22 |         14        0.16       50.68
         23 |        322        3.69       54.37
         24 |         75        0.86       55.23
         25 |        166        1.90       57.13
         26 |         40        0.46       57.59
         27 |         26        0.30       57.89
         28 |         13        0.15       58.04
         29 |        137        1.57       59.61
         30 |        284        3.25       62.86
         31 |        147        1.68       64.55
         32 |        185        2.12       66.67
         33 |         35        0.40       67.07
         34 |        111        1.27       68.34
         35 |          8        0.09       68.43
         36 |         24        0.28       68.71
         37 |         22        0.25       68.96
         38 |        405        4.64       73.60
         39 |        107        1.23       74.83
         40 |         30        0.34       75.17
         41 |          1        0.01       75.18
         42 |          1        0.01       75.19
         43 |        655        7.51       82.70
         44 |         59        0.68       83.37
         45 |        258        2.96       86.33
         46 |         10        0.11       86.44
         48 |          4        0.05       86.49
         49 |         55        0.63       87.12
         50 |         30        0.34       87.46
         51 |        350        4.01       91.47
         52 |         43        0.49       91.97
         53 |         73        0.84       92.80
         54 |        205        2.35       95.15
         55 |         48        0.55       95.70
         56 |         34        0.39       96.09
         57 |          6        0.07       96.16
         58 |          1        0.01       96.17
         59 |         32        0.37       96.54
         60 |         24        0.28       96.81
         61 |          1        0.01       96.83
         64 |          9        0.10       96.93
         65 |         14        0.16       97.09
         66 |         51        0.58       97.67
         67 |          7        0.08       97.75
         68 |          5        0.06       97.81
         69 |        120        1.38       99.19
         70 |         16        0.18       99.37
         71 |          7        0.08       99.45
         73 |          4        0.05       99.50
         74 |          7        0.08       99.58
         77 |         10        0.11       99.69
         78 |          4        0.05       99.74
         79 |          1        0.01       99.75
         82 |          1        0.01       99.76
         83 |          1        0.01       99.77
         85 |          5        0.06       99.83
         88 |         15        0.17      100.00
------------+-----------------------------------
      Total |      8,727      100.00
r; t=0.03 10:37:21

. tab                     misei1 welle

                      | Indikator
      ISEI, Beruf der | Befragungs
        Mutter (Basis |   welle
        ISCO88), gen. | Welle 7 ( |     Total
----------------------+-----------+----------
Item in Fragebogenver |         3 |         3 
      Nicht codierbar |       412 |       412 
Trifft nicht zu (Filt |     3,128 |     3,128 
                   16 |       715 |       715 
                   19 |         7 |         7 
                   20 |       140 |       140 
                   21 |         4 |         4 
                   22 |        14 |        14 
                   23 |       322 |       322 
                   24 |        75 |        75 
                   25 |       166 |       166 
                   26 |        40 |        40 
                   27 |        26 |        26 
                   28 |        13 |        13 
                   29 |       137 |       137 
                   30 |       284 |       284 
                   31 |       147 |       147 
                   32 |       185 |       185 
                   33 |        35 |        35 
                   34 |       111 |       111 
                   35 |         8 |         8 
                   36 |        24 |        24 
                   37 |        22 |        22 
                   38 |       405 |       405 
                   39 |       107 |       107 
                   40 |        30 |        30 
                   41 |         1 |         1 
                   42 |         1 |         1 
                   43 |       655 |       655 
                   44 |        59 |        59 
                   45 |       258 |       258 
                   46 |        10 |        10 
                   48 |         4 |         4 
                   49 |        55 |        55 
                   50 |        30 |        30 
                   51 |       350 |       350 
                   52 |        43 |        43 
                   53 |        73 |        73 
                   54 |       205 |       205 
                   55 |        48 |        48 
                   56 |        34 |        34 
                   57 |         6 |         6 
                   58 |         1 |         1 
                   59 |        32 |        32 
                   60 |        24 |        24 
                   61 |         1 |         1 
                   64 |         9 |         9 
                   65 |        14 |        14 
                   66 |        51 |        51 
                   67 |         7 |         7 
                   68 |         5 |         5 
                   69 |       120 |       120 
                   70 |        16 |        16 
                   71 |         7 |         7 
                   73 |         4 |         4 
                   74 |         7 |         7 
                   77 |        10 |        10 
                   78 |         4 |         4 
                   79 |         1 |         1 
                   82 |         1 |         1 
                   83 |         1 |         1 
                   85 |         5 |         5 
                   88 |        15 |        15 
----------------------+-----------+----------
                Total |     8,727 |     8,727 
r; t=0.04 10:37:21

. *-3 = Filter for not employed, coded as 0
. recode          misei1 -10 -9 -5=. -3=0, gen(misei_n)
(3,543 differences between misei1 and misei_n)
r; t=0.02 10:37:21

. recode          visei1 -10 -9 -5=. -3=0, gen(visei_n)
(1,985 differences between visei1 and visei_n)
r; t=0.02 10:37:21

. gen                     pisei=misei_n
(415 missing values generated)
r; t=0.00 10:37:21

. replace         pisei=visei_n if visei_n>misei_n & visei_n<.
(4,281 real changes made)
r; t=0.00 10:37:21

. label var       pisei "parents' ISEI"
r; t=0.00 10:37:21

. sum                     pisei, d

                        parents' ISEI
-------------------------------------------------------------
      Percentiles      Smallest
 1%            0              0
 5%            0              0
10%           16              0       Obs               8,312
25%           29              0       Sum of wgt.       8,312

50%           34                      Mean            37.1422
                        Largest       Std. dev.      18.60042
75%           50             88
90%           64             90       Variance       345.9754
95%           69             90       Skewness      -.0621945
99%           79             90       Kurtosis       3.089546
r; t=0.01 10:37:21

. gen             pisei_c=pisei-r(mean)
(415 missing values generated)
r; t=0.00 10:37:21

. 
. ***recognized disability
. tab                     PG0500

       Indikator: Amtlich festgestellte |
                           Behinderung? |      Freq.     Percent        Cum.
----------------------------------------+-----------------------------------
               Trifft nicht zu (Filter) |          2        0.02        0.02
                           Keine Angabe |          2        0.02        0.05
                            Weiss nicht |          3        0.03        0.08
      Amtlich festgestellte Behinderung |      1,018       11.66       11.75
  Keine amtl. festgestellte Behinderung |      7,490       85.83       97.57
           Es wurde ein Antrag gestellt |        212        2.43      100.00
----------------------------------------+-----------------------------------
                                  Total |      8,727      100.00
r; t=0.01 10:37:21

. tab                     PG0500, nol

 Indikator: |
    Amtlich |
festgestell |
         te |
Behinderung |
          ? |      Freq.     Percent        Cum.
------------+-----------------------------------
         -3 |          2        0.02        0.02
         -2 |          2        0.02        0.05
         -1 |          3        0.03        0.08
          1 |      1,018       11.66       11.75
          2 |      7,490       85.83       97.57
          3 |        212        2.43      100.00
------------+-----------------------------------
      Total |      8,727      100.00
r; t=0.00 10:37:22

. recode          PG0500 -3/-1=. 1 3=1 2=0,gen(sp_needs)
(7,709 differences between PG0500 and sp_needs)
r; t=0.02 10:37:22

. la var          sp_needs "recognized disability"
r; t=0.00 10:37:22

. 
. ***psych. problems: PG1100 
. tab                     PG1100

                     Seelische Probleme |      Freq.     Percent        Cum.
----------------------------------------+-----------------------------------
               Trifft nicht zu (Filter) |          2        0.02        0.02
                           Keine Angabe |          8        0.09        0.11
                            Weiss nicht |          4        0.05        0.16
                       Ueberhaupt nicht |      3,194       36.60       36.76
                                  Wenig |      2,297       26.32       63.08
                                Maessig |      1,611       18.46       81.54
                               Ziemlich |        979       11.22       92.76
                                   Sehr |        632        7.24      100.00
----------------------------------------+-----------------------------------
                                  Total |      8,727      100.00
r; t=0.00 10:37:22

. tab                     PG1100, nol

  Seelische |
   Probleme |      Freq.     Percent        Cum.
------------+-----------------------------------
         -3 |          2        0.02        0.02
         -2 |          8        0.09        0.11
         -1 |          4        0.05        0.16
          1 |      3,194       36.60       36.76
          2 |      2,297       26.32       63.08
          3 |      1,611       18.46       81.54
          4 |        979       11.22       92.76
          5 |        632        7.24      100.00
------------+-----------------------------------
      Total |      8,727      100.00
r; t=0.00 10:37:22

. recode          PG1100 -3/-1=. 1=0 2 3 4 5=1,gen(ment_prob)
(8,727 differences between PG1100 and ment_prob)
r; t=0.01 10:37:22

. la var          ment_prob "few to strong psych. problems (Ref. none)"
r; t=0.00 10:37:22

. 
. ***subj. health
. tab             PG1200, mis

                 Subjektive Beurteilung |
                     Gesundheitszustand |      Freq.     Percent        Cum.
----------------------------------------+-----------------------------------
               Trifft nicht zu (Filter) |          2        0.02        0.02
                           Keine Angabe |          4        0.05        0.07
                            Weiss nicht |          2        0.02        0.09
                               Sehr gut |        737        8.45        8.54
                                    Gut |      2,960       33.92       42.45
                      Zufriedenstellend |      2,804       32.13       74.58
                            Weniger gut |      1,616       18.52       93.10
                               Schlecht |        602        6.90      100.00
----------------------------------------+-----------------------------------
                                  Total |      8,727      100.00
r; t=0.01 10:37:22

. tab                     PG1200, mis nol

 Subjektive |
Beurteilung |
Gesundheits |
    zustand |      Freq.     Percent        Cum.
------------+-----------------------------------
         -3 |          2        0.02        0.02
         -2 |          4        0.05        0.07
         -1 |          2        0.02        0.09
          1 |        737        8.45        8.54
          2 |      2,960       33.92       42.45
          3 |      2,804       32.13       74.58
          4 |      1,616       18.52       93.10
          5 |        602        6.90      100.00
------------+-----------------------------------
      Total |      8,727      100.00
r; t=0.00 10:37:22

. recode          PG1200 -3 -2 -1=. 1=5 2=4 3=3 4=2 5=1, gen(subhealth)
(5,923 differences between PG1200 and subhealth)
r; t=0.01 10:37:22

. la var          subhealth "subjective health"
r; t=0.00 10:37:22

. la def          health 5"very good" 4"good" 3"satisfying" 2"bad" 1"very bad"
r; t=0.00 10:37:22

. la val          subhealth health
r; t=0.00 10:37:22

. 
. ***subj. health - previous wave
. sort            pnr welle
r; t=0.00 10:37:22

. gen             subhealth_prev=.
(8,727 missing values generated)
r; t=0.00 10:37:22

. bysort pnr: replace subhealth_prev=subhealth[_n-1]
(0 real changes made)
r; t=0.00 10:37:22

. la var          subhealth_prev "subjective health (previous wave)"
r; t=0.00 10:37:22

. la val          subhealth_prev health
r; t=0.00 10:37:22

. br                      pnr welle subhealth*
r; t=0.40 10:37:22

. 
. ***reduce complexity of data
. *categorize subjective health
. tab             subhealth_prev
no observations
r; t=0.00 10:37:22

. recode          subhealth_prev 1/3=0 4/5=1
(0 changes made to subhealth_prev)
r; t=0.02 10:37:22

. recode          subhealth 1/3=0 4/5=1
(8,719 changes made to subhealth)
r; t=0.01 10:37:22

. la def          health2 0 "very bad/bad/satisfying" 1 "good/very good"
r; t=0.00 10:37:22

. la val          subhealth_prev subhealth health2
r; t=0.00 10:37:22

. tab             subhealth_prev
no observations
r; t=0.00 10:37:22

. 
. 
. ***Care work for relatives/friends
. tab             PP0110, mis

           Indikator: Regelm. Pflege v. |
      Verwandten/Freunden? (ab Welle 2) |      Freq.     Percent        Cum.
----------------------------------------+-----------------------------------
                           Keine Angabe |          2        0.02        0.02
                            Weiss nicht |          2        0.02        0.05
                                     Ja |        644        7.38        7.43
                                   Nein |      8,079       92.57      100.00
----------------------------------------+-----------------------------------
                                  Total |      8,727      100.00
r; t=0.01 10:37:22

. tab             PP0110, mis nol

 Indikator: |
    Regelm. |
  Pflege v. |
Verwandten/ |
  Freunden? |
  (ab Welle |
         2) |      Freq.     Percent        Cum.
------------+-----------------------------------
         -2 |          2        0.02        0.02
         -1 |          2        0.02        0.05
          1 |        644        7.38        7.43
          2 |      8,079       92.57      100.00
------------+-----------------------------------
      Total |      8,727      100.00
r; t=0.01 10:37:22

. recode          PP0110 -9=.a -2 -1=. 2=0, gen(care)
(8,083 differences between PP0110 and care)
r; t=0.02 10:37:22

. tab             PP0110 care, mis nol

Indikator: |
   Regelm. |
 Pflege v. |   RECODE of PP0110 (Indikator:
Verwandten |        Regelm. Pflege v.
/Freunden? |  Verwandten/Freunden? (ab Welle
 (ab Welle |                2)
        2) |         0          1          . |     Total
-----------+---------------------------------+----------
        -2 |         0          0          2 |         2 
        -1 |         0          0          2 |         2 
         1 |         0        644          0 |       644 
         2 |     8,079          0          0 |     8,079 
-----------+---------------------------------+----------
     Total |     8,079        644          4 |     8,727 
r; t=0.01 10:37:22

. 
. ***Migration background
. tab             migration, mis

    Migrationshintergrund d. Befragten, |
                              generiert |      Freq.     Percent        Cum.
----------------------------------------+-----------------------------------
Zuordnung unklar: PMI0700=1, PMI0900a-f |         67        0.77        0.77
                           Keine Angabe |          7        0.08        0.85
                            Weiss nicht |        135        1.55        2.39
             Kein Migrationshintergrund |      6,219       71.26       73.66
                       Selbst zugezogen |      1,429       16.37       90.03
           Mind. 1 Elternteil zugezogen |        623        7.14       97.17
Mind. 1 Grosselt. zugez., Elt. in D geb |        247        2.83      100.00
----------------------------------------+-----------------------------------
                                  Total |      8,727      100.00
r; t=0.01 10:37:22

. tab             migration, mis nol

Migrationsh |
 intergrund |
         d. |
 Befragten, |
  generiert |      Freq.     Percent        Cum.
------------+-----------------------------------
         -5 |         67        0.77        0.77
         -2 |          7        0.08        0.85
         -1 |        135        1.55        2.39
          1 |      6,219       71.26       73.66
          2 |      1,429       16.37       90.03
          3 |        623        7.14       97.17
          4 |        247        2.83      100.00
------------+-----------------------------------
      Total |      8,727      100.00
r; t=0.01 10:37:22

. tab1            PMI0200, mis

-> tabulation of PMI0200  

       Nicht in D geboren: Geburtsland, |
              Kategorien (anonymisiert) |      Freq.     Percent        Cum.
----------------------------------------+-----------------------------------
Sonstiges Land (nicht in Laenderliste), |          3        0.03        0.03
               Trifft nicht zu (Filter) |      8,454       96.87       96.91
                           Keine Angabe |          1        0.01       96.92
                                Tuerkei |         23        0.26       97.18
                                Italien |          6        0.07       97.25
                           Griechenland |          4        0.05       97.30
                             Frankreich |          2        0.02       97.32
                            Oesterreich |          2        0.02       97.34
                      Portugal, Spanien |          6        0.07       97.41
             Belgien, Niederl., Luxemb. |          4        0.05       97.46
       Skandinavien, Grossbrit., Irland |          3        0.03       97.49
                                  Polen |         35        0.40       97.89
                      Ehem. Jugoslawien |         12        0.14       98.03
Bulgar., Rumaen., Ungarn, Tschech., Slo |         18        0.21       98.24
Europ. Nachfolgest. d. UdSSR (inkl. Rus |         52        0.60       98.83
 Asiatische Nachfolgestaaten der UdSSR  |         40        0.46       99.29
                      Restliches Europa |          2        0.02       99.31
                                 Afrika |         22        0.25       99.56
                                Amerika |          6        0.07       99.63
                       Restliches Asien |         32        0.37      100.00
----------------------------------------+-----------------------------------
                                  Total |      8,727      100.00
r; t=0.03 10:37:22

. tab1            PMI0200, mis nol

-> tabulation of PMI0200  

 Nicht in D |
   geboren: |
Geburtsland |
          , |
 Kategorien |
(anonymisie |
        rt) |      Freq.     Percent        Cum.
------------+-----------------------------------
         -5 |          3        0.03        0.03
         -3 |      8,454       96.87       96.91
         -2 |          1        0.01       96.92
          2 |         23        0.26       97.18
          3 |          6        0.07       97.25
          4 |          4        0.05       97.30
          5 |          2        0.02       97.32
          6 |          2        0.02       97.34
          7 |          6        0.07       97.41
          8 |          4        0.05       97.46
          9 |          3        0.03       97.49
         10 |         35        0.40       97.89
         11 |         12        0.14       98.03
         12 |         18        0.21       98.24
         13 |         52        0.60       98.83
         14 |         40        0.46       99.29
         19 |          2        0.02       99.31
         20 |         22        0.25       99.56
         21 |          6        0.07       99.63
         22 |         32        0.37      100.00
------------+-----------------------------------
      Total |      8,727      100.00
r; t=0.03 10:37:22

. tab1            PMI1000a PMI1000b PMI1000c PMI1000d PMI1000e PMI1000f, mis

-> tabulation of PMI1000a  

       Vater: Zuzugsland (anonymisiert) |      Freq.     Percent        Cum.
----------------------------------------+-----------------------------------
Sonstiges Land (nicht in Laenderliste), |          1        0.01        0.01
               Trifft nicht zu (Filter) |      8,547       97.94       97.95
                           Keine Angabe |          1        0.01       97.96
                                Tuerkei |         38        0.44       98.40
                                Italien |          7        0.08       98.48
                           Griechenland |          5        0.06       98.53
                             Frankreich |          1        0.01       98.54
                            Oesterreich |          1        0.01       98.56
                      Portugal, Spanien |          6        0.07       98.62
             Belgien, Niederl., Luxemb. |          5        0.06       98.68
       Skandinavien, Grossbrit., Irland |          1        0.01       98.69
                                  Polen |         20        0.23       98.92
                      Ehem. Jugoslawien |         13        0.15       99.07
Bulgar., Rumaen., Ungarn, Tschech., Slo |         10        0.11       99.19
Europ. Nachfolgest. d. UdSSR (inkl. Rus |         25        0.29       99.47
 Asiatische Nachfolgestaaten der UdSSR  |         23        0.26       99.74
                      Restliches Europa |          4        0.05       99.78
                                 Afrika |          5        0.06       99.84
                                Amerika |          3        0.03       99.87
                       Restliches Asien |         11        0.13      100.00
----------------------------------------+-----------------------------------
                                  Total |      8,727      100.00

-> tabulation of PMI1000b  

      Mutter: Zuzugsland (anonymisiert) |      Freq.     Percent        Cum.
----------------------------------------+-----------------------------------
Sonstiges Land (nicht in Laenderliste), |          1        0.01        0.01
               Trifft nicht zu (Filter) |      8,528       97.72       97.73
                           Keine Angabe |          1        0.01       97.74
                                Tuerkei |         34        0.39       98.13
                                Italien |          8        0.09       98.22
                           Griechenland |          4        0.05       98.27
                             Frankreich |          2        0.02       98.29
                            Oesterreich |          4        0.05       98.34
                      Portugal, Spanien |          5        0.06       98.40
             Belgien, Niederl., Luxemb. |          5        0.06       98.45
       Skandinavien, Grossbrit., Irland |          2        0.02       98.48
                                  Polen |         25        0.29       98.76
                      Ehem. Jugoslawien |         12        0.14       98.90
Bulgar., Rumaen., Ungarn, Tschech., Slo |          9        0.10       99.00
Europ. Nachfolgest. d. UdSSR (inkl. Rus |         32        0.37       99.37
 Asiatische Nachfolgestaaten der UdSSR  |         28        0.32       99.69
                      Restliches Europa |          4        0.05       99.74
                                 Afrika |          8        0.09       99.83
                                Amerika |          1        0.01       99.84
                       Restliches Asien |         14        0.16      100.00
----------------------------------------+-----------------------------------
                                  Total |      8,727      100.00

-> tabulation of PMI1000c  

           Vater des Vaters: Zuzugsland |
                         (anonymisiert) |      Freq.     Percent        Cum.
----------------------------------------+-----------------------------------
               Trifft nicht zu (Filter) |      8,682       99.48       99.48
                            Weiss nicht |          1        0.01       99.50
                                Tuerkei |          9        0.10       99.60
                                Italien |          2        0.02       99.62
             Belgien, Niederl., Luxemb. |          1        0.01       99.63
                                  Polen |          7        0.08       99.71
                      Ehem. Jugoslawien |          4        0.05       99.76
Bulgar., Rumaen., Ungarn, Tschech., Slo |          7        0.08       99.84
Europ. Nachfolgest. d. UdSSR (inkl. Rus |          3        0.03       99.87
 Asiatische Nachfolgestaaten der UdSSR  |          7        0.08       99.95
                      Restliches Europa |          1        0.01       99.97
                       Restliches Asien |          3        0.03      100.00
----------------------------------------+-----------------------------------
                                  Total |      8,727      100.00

-> tabulation of PMI1000d  

          Mutter des Vaters: Zuzugsland |
                         (anonymisiert) |      Freq.     Percent        Cum.
----------------------------------------+-----------------------------------
Sonstiges Land (nicht in Laenderliste), |          1        0.01        0.01
               Trifft nicht zu (Filter) |      8,669       99.34       99.35
                            Weiss nicht |          1        0.01       99.36
                                Tuerkei |         11        0.13       99.48
                                Italien |          2        0.02       99.51
                            Oesterreich |          2        0.02       99.53
             Belgien, Niederl., Luxemb. |          1        0.01       99.54
                                  Polen |          8        0.09       99.63
                      Ehem. Jugoslawien |          2        0.02       99.66
Bulgar., Rumaen., Ungarn, Tschech., Slo |          6        0.07       99.72
Europ. Nachfolgest. d. UdSSR (inkl. Rus |          5        0.06       99.78
 Asiatische Nachfolgestaaten der UdSSR  |         14        0.16       99.94
                      Restliches Europa |          1        0.01       99.95
                                 Afrika |          1        0.01       99.97
                                Amerika |          1        0.01       99.98
                       Restliches Asien |          2        0.02      100.00
----------------------------------------+-----------------------------------
                                  Total |      8,727      100.00

-> tabulation of PMI1000e  

           Vater der Mutter: Zuzugsland |
                         (anonymisiert) |      Freq.     Percent        Cum.
----------------------------------------+-----------------------------------
Sonstiges Land (nicht in Laenderliste), |          1        0.01        0.01
               Trifft nicht zu (Filter) |      8,675       99.40       99.42
                            Weiss nicht |          1        0.01       99.43
                                Tuerkei |          6        0.07       99.50
                                Italien |          5        0.06       99.55
                           Griechenland |          1        0.01       99.56
                             Frankreich |          1        0.01       99.58
             Belgien, Niederl., Luxemb. |          3        0.03       99.61
                                  Polen |          9        0.10       99.71
                      Ehem. Jugoslawien |          2        0.02       99.74
Bulgar., Rumaen., Ungarn, Tschech., Slo |          7        0.08       99.82
Europ. Nachfolgest. d. UdSSR (inkl. Rus |          6        0.07       99.89
 Asiatische Nachfolgestaaten der UdSSR  |          6        0.07       99.95
                      Restliches Europa |          1        0.01       99.97
                                Amerika |          2        0.02       99.99
                       Restliches Asien |          1        0.01      100.00
----------------------------------------+-----------------------------------
                                  Total |      8,727      100.00

-> tabulation of PMI1000f  

          Mutter der Mutter: Zuzugsland |
                         (anonymisiert) |      Freq.     Percent        Cum.
----------------------------------------+-----------------------------------
               Trifft nicht zu (Filter) |      8,668       99.32       99.32
                                Tuerkei |          6        0.07       99.39
                                Italien |          5        0.06       99.45
                           Griechenland |          1        0.01       99.46
                            Oesterreich |          2        0.02       99.48
                                  Polen |         11        0.13       99.61
                      Ehem. Jugoslawien |          3        0.03       99.64
Bulgar., Rumaen., Ungarn, Tschech., Slo |          4        0.05       99.69
Europ. Nachfolgest. d. UdSSR (inkl. Rus |         10        0.11       99.81
 Asiatische Nachfolgestaaten der UdSSR  |         10        0.11       99.92
                      Restliches Europa |          4        0.05       99.97
                                 Afrika |          1        0.01       99.98
                       Restliches Asien |          2        0.02      100.00
----------------------------------------+-----------------------------------
                                  Total |      8,727      100.00
r; t=0.16 10:37:23

. recode          migration -10/-1=. 1=0 2=1 3=2 4=3, gen(mig)
(8,727 differences between migration and mig)
r; t=0.03 10:37:23

. recode          mig 3=0 //zu wenig Fälle auf 3
(247 changes made to mig)
r; t=0.01 10:37:23

. la def          mig 0"no mogration background" 1"migration background 1st gen." ///
>                         2"migration background 2nd gen." 3"migration background 3rd gen." 
r; t=0.01 10:37:23

. la val          mig mig
r; t=0.00 10:37:23

. la var          mig "migration background"
r; t=0.00 10:37:23

. tab             mig migration, mis

                      |     Migrationshintergrund d. Befragten, generiert
 migration background | Zuordnung  Keine Ang  Weiss nic  Kein Migr  Selbst zu |     Total
----------------------+-------------------------------------------------------+----------
no mogration backgrou |         0          0          0      6,219          0 |     6,466 
migration background  |         0          0          0          0      1,429 |     1,429 
migration background  |         0          0          0          0          0 |       623 
                    . |        67          7        135          0          0 |       209 
----------------------+-------------------------------------------------------+----------
                Total |        67          7        135      6,219      1,429 |     8,727 


                      | Migrationshintergrund
                      |     d. Befragten,
                      |       generiert
 migration background | Mind. 1 E  Mind. 1 G |     Total
----------------------+----------------------+----------
no mogration backgrou |         0        247 |     6,466 
migration background  |         0          0 |     1,429 
migration background  |       623          0 |       623 
                    . |         0          0 |       209 
----------------------+----------------------+----------
                Total |       623        247 |     8,727 
r; t=0.01 10:37:23

. 
. ***life satisfaction (general, health, flat, standard of living)
. tab             PA1000

          Generelle Lebenszufriedenheit |      Freq.     Percent        Cum.
----------------------------------------+-----------------------------------
                           Keine Angabe |          3        0.03        0.03
                            Weiss nicht |          6        0.07        0.10
               Ganz und gar unzufrieden |         85        0.97        1.08
                                      1 |         50        0.57        1.65
                                      2 |        121        1.39        3.04
                                      3 |        253        2.90        5.94
                                      4 |        354        4.06        9.99
                                      5 |      1,232       14.12       24.11
                                      6 |        992       11.37       35.48
                                      7 |      1,931       22.13       57.60
                                      8 |      2,354       26.97       84.58
                                      9 |        931       10.67       95.24
                 Ganz und gar zufrieden |        415        4.76      100.00
----------------------------------------+-----------------------------------
                                  Total |      8,727      100.00
r; t=0.02 10:37:23

. tab             PA1000, nol

  Generelle |
Lebenszufri |
   edenheit |      Freq.     Percent        Cum.
------------+-----------------------------------
         -2 |          3        0.03        0.03
         -1 |          6        0.07        0.10
          0 |         85        0.97        1.08
          1 |         50        0.57        1.65
          2 |        121        1.39        3.04
          3 |        253        2.90        5.94
          4 |        354        4.06        9.99
          5 |      1,232       14.12       24.11
          6 |        992       11.37       35.48
          7 |      1,931       22.13       57.60
          8 |      2,354       26.97       84.58
          9 |        931       10.67       95.24
         10 |        415        4.76      100.00
------------+-----------------------------------
      Total |      8,727      100.00
r; t=0.01 10:37:23

. recode          PA1000 -2/-1=., gen(sat_gen)
(9 differences between PA1000 and sat_gen)
r; t=0.01 10:37:23

. 
. tab             PA0100

       Zufriedenheit mit der Gesundheit |      Freq.     Percent        Cum.
----------------------------------------+-----------------------------------
                           Keine Angabe |          2        0.02        0.02
               Ganz und gar unzufrieden |        216        2.48        2.50
                                      1 |        102        1.17        3.67
                                      2 |        211        2.42        6.08
                                      3 |        386        4.42       10.51
                                      4 |        458        5.25       15.76
                                      5 |      1,277       14.63       30.39
                                      6 |        827        9.48       39.86
                                      7 |      1,475       16.90       56.77
                                      8 |      1,999       22.91       79.67
                                      9 |      1,020       11.69       91.36
                 Ganz und gar zufrieden |        754        8.64      100.00
----------------------------------------+-----------------------------------
                                  Total |      8,727      100.00
r; t=0.01 10:37:23

. tab             PA0100, nol

Zufriedenhe |
 it mit der |
 Gesundheit |      Freq.     Percent        Cum.
------------+-----------------------------------
         -2 |          2        0.02        0.02
          0 |        216        2.48        2.50
          1 |        102        1.17        3.67
          2 |        211        2.42        6.08
          3 |        386        4.42       10.51
          4 |        458        5.25       15.76
          5 |      1,277       14.63       30.39
          6 |        827        9.48       39.86
          7 |      1,475       16.90       56.77
          8 |      1,999       22.91       79.67
          9 |      1,020       11.69       91.36
         10 |        754        8.64      100.00
------------+-----------------------------------
      Total |      8,727      100.00
r; t=0.01 10:37:23

. recode          PA0100 -8/-1=., gen(sat_health)
(2 differences between PA0100 and sat_health)
r; t=0.01 10:37:23

. 
. tab             PA0200

          Zufriedenheit mit der Wohnung |      Freq.     Percent        Cum.
----------------------------------------+-----------------------------------
               Ganz und gar unzufrieden |        152        1.74        1.74
                                      1 |         58        0.66        2.41
                                      2 |        131        1.50        3.91
                                      3 |        236        2.70        6.61
                                      4 |        279        3.20        9.81
                                      5 |        865        9.91       19.72
                                      6 |        686        7.86       27.58
                                      7 |      1,364       15.63       43.21
                                      8 |      2,239       25.66       68.87
                                      9 |      1,389       15.92       84.78
                 Ganz und gar zufrieden |      1,328       15.22      100.00
----------------------------------------+-----------------------------------
                                  Total |      8,727      100.00
r; t=0.02 10:37:23

. tab             PA0200, nol

Zufriedenhe |
 it mit der |
    Wohnung |      Freq.     Percent        Cum.
------------+-----------------------------------
          0 |        152        1.74        1.74
          1 |         58        0.66        2.41
          2 |        131        1.50        3.91
          3 |        236        2.70        6.61
          4 |        279        3.20        9.81
          5 |        865        9.91       19.72
          6 |        686        7.86       27.58
          7 |      1,364       15.63       43.21
          8 |      2,239       25.66       68.87
          9 |      1,389       15.92       84.78
         10 |      1,328       15.22      100.00
------------+-----------------------------------
      Total |      8,727      100.00
r; t=0.00 10:37:23

. recode          PA0200 -8/-1=., gen(sat_flat)
(0 differences between PA0200 and sat_flat)
r; t=0.02 10:37:23

. 
. tab             PA0300

   Zufriedenheit mit dem Lebensstandard |      Freq.     Percent        Cum.
----------------------------------------+-----------------------------------
                           Keine Angabe |          3        0.03        0.03
                            Weiss nicht |          3        0.03        0.07
               Ganz und gar unzufrieden |        155        1.78        1.84
                                      1 |         92        1.05        2.90
                                      2 |        213        2.44        5.34
                                      3 |        407        4.66       10.00
                                      4 |        527        6.04       16.04
                                      5 |      1,400       16.04       32.08
                                      6 |        953       10.92       43.00
                                      7 |      1,624       18.61       61.61
                                      8 |      1,953       22.38       83.99
                                      9 |        868        9.95       93.94
                 Ganz und gar zufrieden |        529        6.06      100.00
----------------------------------------+-----------------------------------
                                  Total |      8,727      100.00
r; t=0.01 10:37:23

. tab             PA0300, nol

Zufriedenhe |
 it mit dem |
Lebensstand |
        ard |      Freq.     Percent        Cum.
------------+-----------------------------------
         -2 |          3        0.03        0.03
         -1 |          3        0.03        0.07
          0 |        155        1.78        1.84
          1 |         92        1.05        2.90
          2 |        213        2.44        5.34
          3 |        407        4.66       10.00
          4 |        527        6.04       16.04
          5 |      1,400       16.04       32.08
          6 |        953       10.92       43.00
          7 |      1,624       18.61       61.61
          8 |      1,953       22.38       83.99
          9 |        868        9.95       93.94
         10 |        529        6.06      100.00
------------+-----------------------------------
      Total |      8,727      100.00
r; t=0.01 10:37:23

. recode          PA0300 -8/-1=., gen(sat_std)
(6 differences between PA0300 and sat_std)
r; t=0.01 10:37:23

. 
. ***subjective social position
. tab                     PA0900

     Soziale Position: Oben-Unten-Skala |      Freq.     Percent        Cum.
----------------------------------------+-----------------------------------
                           Keine Angabe |         23        0.26        0.26
                            Weiss nicht |         33        0.38        0.64
                                  Unten |        237        2.72        3.36
                                      2 |        234        2.68        6.04
                                      3 |        604        6.92       12.96
                                      4 |        836        9.58       22.54
                                      5 |      2,453       28.11       50.65
                                      6 |      1,555       17.82       68.47
                                      7 |      1,638       18.77       87.24
                                      8 |        863        9.89       97.12
                                      9 |        154        1.76       98.89
                                   Oben |         97        1.11      100.00
----------------------------------------+-----------------------------------
                                  Total |      8,727      100.00
r; t=0.02 10:37:23

. tab                     PA0900, nol

    Soziale |
  Position: |
Oben-Unten- |
      Skala |      Freq.     Percent        Cum.
------------+-----------------------------------
         -2 |         23        0.26        0.26
         -1 |         33        0.38        0.64
          1 |        237        2.72        3.36
          2 |        234        2.68        6.04
          3 |        604        6.92       12.96
          4 |        836        9.58       22.54
          5 |      2,453       28.11       50.65
          6 |      1,555       17.82       68.47
          7 |      1,638       18.77       87.24
          8 |        863        9.89       97.12
          9 |        154        1.76       98.89
         10 |         97        1.11      100.00
------------+-----------------------------------
      Total |      8,727      100.00
r; t=0.01 10:37:23

. recode          PA0900 -2/-1=., gen(updown)
(56 differences between PA0900 and updown)
r; t=0.01 10:37:23

. label var       updown "subj. soziale Position"
r; t=0.00 10:37:23

. hist            updown, norm
(bin=39, start=1, width=.23076923)
r; t=0.54 10:37:23

. 
. ***close friends and relatives outside the household
. tab             PSK0100

                        Indikator: Enge |
  Freunde/Familienmitglieder ausserhalb |
                                des HH? |      Freq.     Percent        Cum.
----------------------------------------+-----------------------------------
                           Keine Angabe |          4        0.05        0.05
                            Weiss nicht |          2        0.02        0.07
                                     Ja |      8,208       94.05       94.12
                                   Nein |        513        5.88      100.00
----------------------------------------+-----------------------------------
                                  Total |      8,727      100.00
r; t=0.01 10:37:23

. tab             PSK0100, nol

 Indikator: |
       Enge |
Freunde/Fam |
ilienmitgli |
       eder |
 ausserhalb |
    des HH? |      Freq.     Percent        Cum.
------------+-----------------------------------
         -2 |          4        0.05        0.05
         -1 |          2        0.02        0.07
          1 |      8,208       94.05       94.12
          2 |        513        5.88      100.00
------------+-----------------------------------
      Total |      8,727      100.00
r; t=0.00 10:37:23

. tab             PSK0200

 Anzahl enge Freunde/Familienmitglieder |
                      ausserhalb des HH |      Freq.     Percent        Cum.
----------------------------------------+-----------------------------------
               Trifft nicht zu (Filter) |        519        5.95        5.95
                           Keine Angabe |          5        0.06        6.00
                            Weiss nicht |          9        0.10        6.11
                                      1 |        278        3.19        9.29
                                      2 |        807        9.25       18.54
                                      3 |      1,026       11.76       30.30
                                      4 |        977       11.20       41.49
                                      5 |      1,354       15.52       57.01
                                      6 |        723        8.28       65.29
                                      7 |        337        3.86       69.15
                                      8 |        401        4.59       73.75
                                      9 |         73        0.84       74.58
                                     10 |      1,100       12.60       87.19
                                     11 |         27        0.31       87.50
                                     12 |        137        1.57       89.07
                                     13 |         12        0.14       89.21
                                     14 |         27        0.31       89.52
                                     15 |        313        3.59       93.10
                                     16 |         11        0.13       93.23
                                     17 |          5        0.06       93.29
                                     18 |          4        0.05       93.33
                                     19 |          1        0.01       93.34
                                     20 |        342        3.92       97.26
                                     21 |          1        0.01       97.27
                                     22 |          1        0.01       97.28
                                     23 |          3        0.03       97.32
                                     24 |          3        0.03       97.35
                                     25 |         57        0.65       98.01
                                     28 |          1        0.01       98.02
                                     30 |         73        0.84       98.85
                                     31 |          1        0.01       98.87
                                     35 |          8        0.09       98.96
                                     36 |          1        0.01       98.97
                                     40 |         23        0.26       99.23
                                     45 |          1        0.01       99.24
                                     50 |         44        0.50       99.75
                                     53 |          1        0.01       99.76
                                     58 |          1        0.01       99.77
                                     60 |          4        0.05       99.82
                                     67 |          1        0.01       99.83
                                     70 |          1        0.01       99.84
                                     75 |          1        0.01       99.85
                                     80 |          2        0.02       99.87
                                     90 |          1        0.01       99.89
                                     99 |         10        0.11      100.00
----------------------------------------+-----------------------------------
                                  Total |      8,727      100.00
r; t=0.03 10:37:24

. tab                     PSK0200, nol

Anzahl enge |
Freunde/Fam |
ilienmitgli |
       eder |
 ausserhalb |
     des HH |      Freq.     Percent        Cum.
------------+-----------------------------------
         -3 |        519        5.95        5.95
         -2 |          5        0.06        6.00
         -1 |          9        0.10        6.11
          1 |        278        3.19        9.29
          2 |        807        9.25       18.54
          3 |      1,026       11.76       30.30
          4 |        977       11.20       41.49
          5 |      1,354       15.52       57.01
          6 |        723        8.28       65.29
          7 |        337        3.86       69.15
          8 |        401        4.59       73.75
          9 |         73        0.84       74.58
         10 |      1,100       12.60       87.19
         11 |         27        0.31       87.50
         12 |        137        1.57       89.07
         13 |         12        0.14       89.21
         14 |         27        0.31       89.52
         15 |        313        3.59       93.10
         16 |         11        0.13       93.23
         17 |          5        0.06       93.29
         18 |          4        0.05       93.33
         19 |          1        0.01       93.34
         20 |        342        3.92       97.26
         21 |          1        0.01       97.27
         22 |          1        0.01       97.28
         23 |          3        0.03       97.32
         24 |          3        0.03       97.35
         25 |         57        0.65       98.01
         28 |          1        0.01       98.02
         30 |         73        0.84       98.85
         31 |          1        0.01       98.87
         35 |          8        0.09       98.96
         36 |          1        0.01       98.97
         40 |         23        0.26       99.23
         45 |          1        0.01       99.24
         50 |         44        0.50       99.75
         53 |          1        0.01       99.76
         58 |          1        0.01       99.77
         60 |          4        0.05       99.82
         67 |          1        0.01       99.83
         70 |          1        0.01       99.84
         75 |          1        0.01       99.85
         80 |          2        0.02       99.87
         90 |          1        0.01       99.89
         99 |         10        0.11      100.00
------------+-----------------------------------
      Total |      8,727      100.00
r; t=0.04 10:37:24

. recode          PSK0100 -10=. -2/-1=. 2=0, gen(friends_yn)
(519 differences between PSK0100 and friends_yn)
r; t=0.02 10:37:24

. recode          PSK0200 -10 -8=. -3=0 -2/-1=., gen(friends_num)
(533 differences between PSK0200 and friends_num)
r; t=0.01 10:37:24

. replace         friends_num=0 if friends_yn==0
(0 real changes made)
r; t=0.00 10:37:24

. replace         friends_num=. if friends_yn==.
(6 real changes made, 6 to missing)
r; t=0.00 10:37:24

. sum             friends_num

    Variable |        Obs        Mean    Std. dev.       Min        Max
-------------+---------------------------------------------------------
 friends_num |      8,707     6.97301    7.488153          0         99
r; t=0.01 10:37:24

. 
. ***Activity in community, club, church...
. tab1            PSK0400a-PSK0400e if welle==7

-> tabulation of PSK0400a if welle==7 

                 Aktiv in: Gewerkschaft |      Freq.     Percent        Cum.
----------------------------------------+-----------------------------------
                           Keine Angabe |          1        0.01        0.01
                            Weiss nicht |          7        0.08        0.09
                                     Ja |        637        7.30        7.39
                                   Nein |      8,082       92.61      100.00
----------------------------------------+-----------------------------------
                                  Total |      8,727      100.00

-> tabulation of PSK0400b if welle==7 

                       Aktiv in: Partei |      Freq.     Percent        Cum.
----------------------------------------+-----------------------------------
                           Keine Angabe |          1        0.01        0.01
                            Weiss nicht |          2        0.02        0.03
                                     Ja |        152        1.74        1.78
                                   Nein |      8,572       98.22      100.00
----------------------------------------+-----------------------------------
                                  Total |      8,727      100.00

-> tabulation of PSK0400c if welle==7 

              Aktiv in: Kirchengemeinde |      Freq.     Percent        Cum.
----------------------------------------+-----------------------------------
                           Keine Angabe |          1        0.01        0.01
                                     Ja |        939       10.76       10.77
                                   Nein |      7,787       89.23      100.00
----------------------------------------+-----------------------------------
                                  Total |      8,727      100.00

-> tabulation of PSK0400d if welle==7 

                   Aktiv in: Verein wie |
             Musik-/Sport-/Kulturverein |      Freq.     Percent        Cum.
----------------------------------------+-----------------------------------
                           Keine Angabe |          1        0.01        0.01
                                     Ja |      2,143       24.56       24.57
                                   Nein |      6,583       75.43      100.00
----------------------------------------+-----------------------------------
                                  Total |      8,727      100.00

-> tabulation of PSK0400e if welle==7 

          Aktiv in: Andere Organisation |      Freq.     Percent        Cum.
----------------------------------------+-----------------------------------
                           Keine Angabe |          1        0.01        0.01
                                     Ja |        685        7.85        7.86
                                   Nein |      8,041       92.14      100.00
----------------------------------------+-----------------------------------
                                  Total |      8,727      100.00
r; t=0.07 10:37:24

. tab1            PSK0400a-PSK0400e if welle==7, nol

-> tabulation of PSK0400a if welle==7 

  Aktiv in: |
Gewerkschaf |
          t |      Freq.     Percent        Cum.
------------+-----------------------------------
         -2 |          1        0.01        0.01
         -1 |          7        0.08        0.09
          1 |        637        7.30        7.39
          2 |      8,082       92.61      100.00
------------+-----------------------------------
      Total |      8,727      100.00

-> tabulation of PSK0400b if welle==7 

  Aktiv in: |
     Partei |      Freq.     Percent        Cum.
------------+-----------------------------------
         -2 |          1        0.01        0.01
         -1 |          2        0.02        0.03
          1 |        152        1.74        1.78
          2 |      8,572       98.22      100.00
------------+-----------------------------------
      Total |      8,727      100.00

-> tabulation of PSK0400c if welle==7 

  Aktiv in: |
Kirchengeme |
       inde |      Freq.     Percent        Cum.
------------+-----------------------------------
         -2 |          1        0.01        0.01
          1 |        939       10.76       10.77
          2 |      7,787       89.23      100.00
------------+-----------------------------------
      Total |      8,727      100.00

-> tabulation of PSK0400d if welle==7 

  Aktiv in: |
 Verein wie |
Musik-/Spor |
t-/Kulturve |
       rein |      Freq.     Percent        Cum.
------------+-----------------------------------
         -2 |          1        0.01        0.01
          1 |      2,143       24.56       24.57
          2 |      6,583       75.43      100.00
------------+-----------------------------------
      Total |      8,727      100.00

-> tabulation of PSK0400e if welle==7 

  Aktiv in: |
     Andere |
Organisatio |
          n |      Freq.     Percent        Cum.
------------+-----------------------------------
         -2 |          1        0.01        0.01
          1 |        685        7.85        7.86
          2 |      8,041       92.14      100.00
------------+-----------------------------------
      Total |      8,727      100.00
r; t=0.04 10:37:24

. mvdecode        PSK0400a-PSK0400e, mv(-5/-1=.)
    PSK0400a: 8 missing values generated
    PSK0400b: 3 missing values generated
    PSK0400c: 1 missing value generated
    PSK0400d: 1 missing value generated
    PSK0400e: 1 missing value generated
r; t=0.05 10:37:24

. 
. recode          PSK0400a 2=0, gen(akt_pol)
(8,082 differences between PSK0400a and akt_pol)
r; t=0.02 10:37:24

. replace         akt_pol=1 if PSK0400b==1
(113 real changes made)
r; t=0.00 10:37:24

. la var          akt_pol "activity in union/party"
r; t=0.00 10:37:24

. 
. recode          PSK0400c 2=0, gen(akt_com)
(7,787 differences between PSK0400c and akt_com)
r; t=0.01 10:37:24

. replace         akt_com=1 if PSK0400d==1
(1,775 real changes made)
r; t=0.01 10:37:24

. la var          akt_com "activity in club/church organization"
r; t=0.00 10:37:24

. 
. recode          PSK0400e 2=0, gen(akt_other)
(8,041 differences between PSK0400e and akt_other)
r; t=0.01 10:37:24

. la var          akt_other "activity in other organization"
r; t=0.00 10:37:24

. 
. 
. 
. 
. ***Restrict on only wave 7 
. keep            if welle==7
(0 observations deleted)
r; t=0.00 10:37:24

. 
. ***save Dataset
. save            "$data\DM_ind.dta", replace
file N:\Ablagen\D01700-Projekte\4534-Stigma_Consciousness\Daten\DM_ind.dta saved
r; t=0.88 10:37:25

. 
. log close log_DM_ind
      name:  log_DM_ind
       log:  N:\Ablagen\D01700-Projekte\4534-Stigma_Consciousness\log\03_ind.log
  log type:  text
 closed on:  22 Sep 2026, 10:37:25
---------------------------------------------------------------------------------------------
