-------------------------------------------------------------------------------------------------------------------------
      name:  <unnamed>
       log:  N:\Ablagen\D01700-Projekte\4534-Stigma_Consciousness\log\09_imputation.log
  log type:  text
 opened on:  22 Sep 2026, 10:55:18
r; t=0.06 10:55:18

. 
. *Datensatz laden
. use     "$data\DM_comp.dta", clear
(PASS V1, 2006-2022, 16 Nov 2023, PENDDAT)
r; t=0.15 10:55:18

. **************
. 
. *drop if sgb2_quo == . 
. drop childnum childsum
r; t=0.00 10:55:18

.         
. ***overview on missing values
. *
. tab             stig_con,m

     stigma |
consciousne |
         ss |      Freq.     Percent        Cum.
------------+-----------------------------------
          0 |          4        0.22        0.22
      3.125 |          3        0.16        0.38
       6.25 |         10        0.54        0.92
      9.375 |         19        1.03        1.96
       12.5 |         27        1.47        3.42
     15.625 |         46        2.50        5.92
      18.75 |         43        2.34        8.26
     21.875 |         58        3.15       11.41
         25 |        112        6.09       17.50
     28.125 |        140        7.61       25.11
      31.25 |        153        8.32       33.42
     34.375 |        155        8.42       41.85
       37.5 |        164        8.91       50.76
     40.625 |        145        7.88       58.64
      43.75 |        141        7.66       66.30
     46.875 |        124        6.74       73.04
         50 |         92        5.00       78.04
     53.125 |         85        4.62       82.66
      56.25 |         70        3.80       86.47
     59.375 |         44        2.39       88.86
       62.5 |         41        2.23       91.09
     65.625 |         23        1.25       92.34
      68.75 |         15        0.82       93.15
     71.875 |          9        0.49       93.64
         75 |          8        0.43       94.08
          . |        109        5.92      100.00
------------+-----------------------------------
      Total |      1,840      100.00
r; t=0.00 10:55:18

. misstable       sum stig_con female unemp_ep_ord sgb2_quo unemp_quo ltunemp_quo unemp_cur_n_c ///
>                         child* care age_c ///
>                         age2_c search leistbez depindug2_c ln_oecdincn_c ///
>                          mig educ_kat akt_pol akt_com akt_other ///
>                         unemp_quo_c amr mean_female_c mean_unemp_cur_n_c ///
>                         mean_unemp_ep_ord_2_c mean_unemp_ep_ord_3_c  ///
>                         mean_care_c mean_age_c mean_search_c mean_leistbez_2_c ///
>                         mean_leistbez_3_c mean_depindug2 mean_ln_oecdincn hhgr_c ///
>                         sat_gen_c sat_health_c sat_flat_c sat_std_c friends_num_c ///
>                         ger updown_c friends_yn subhealth emp_hh_cur ///
>                         n_tenure* n_marginal n_parttime n_fulltime tenure_mean n_helpers ///NH variables 
>                         n_foreign n_educ_low n_educ_high ///
>                         wnh_n_not_emp wnh_n_not_emp_1yr wnh_n_ub* wnh_tenure_mean wnh_n_helpers ///WNH variables 
>                         wnh_n_foreign wnh_n_educ_low wnh_n_educ_high ///
>                         kreisnr alq highalq ///
>                         if stig_con<.
                                                               Obs<.
                                                +------------------------------
               |                                | Unique
      Variable |     Obs=.     Obs>.     Obs<.  | values        Min         Max
  -------------+--------------------------------+------------------------------
        female |         1               1,730  |      2          0           1
  unemp_ep_ord |        50               1,681  |      3          0           2
      sgb2_quo |         9               1,722  |   >500          0    .5531915
     unemp_quo |         9               1,722  |   >500          0    .6304348
   ltunemp_quo |         9               1,722  |   >500          0    .3695652
  unemp_cur_~c |        50               1,681  |    212  -4.846086    32.98725
       child_3 |         1               1,730  |      2          0           1
     child_4_9 |         1               1,730  |      2          0           1
   child_10_17 |         1               1,730  |      2          0           1
          care |         1               1,730  |      2          0           1
        search |         5               1,726  |      2          0           1
      leistbez |        60               1,671  |      3          0           2
   depindug2_c |         1               1,730  |     18  -6.134856    11.86514
  ln_oecdinc~c |         9               1,722  |   >500  -2.565913    3.462592
           mig |        49               1,682  |      3          0           2
      educ_kat |         1               1,730  |      3          1           3
   unemp_quo_c |         9               1,722  |   >500  -.1389514    .4914834
     sat_gen_c |         2               1,729  |     11  -5.758433    4.241567
  sat_health_c |         2               1,729  |     11  -5.609902    4.390098
  friends_nu~c |         5               1,726  |     31  -6.388434    92.61156
      updown_c |         8               1,723  |     10  -3.594861    5.405139
     subhealth |         1               1,730  |      2          0           1
  n_tenure_b~r |         9               1,722  |   >500          1        3484
  n_tenure_1~s |         9               1,722  |   >500          2        4757
  n_tenure_5~e |         9               1,722  |   >500          1        2991
    n_marginal |         9               1,722  |    473          0        1390
    n_parttime |         9               1,722  |   >500          1        2217
    n_fulltime |         9               1,722  |   >500          3        6192
   tenure_mean |         9               1,722  |   >500   2.587165    8.640961
     n_helpers |         9               1,722  |    417          0        1149
     n_foreign |         9               1,722  |    423          0        2561
    n_educ_low |         9               1,722  |   >500          0        3335
   n_educ_high |         9               1,722  |    471          0        4848
  wnh_n_not_~p |       182               1,549  |    291          0        6603
  wnh_n_not_~r |       188               1,543  |    253          0        4742
  wnh_n_~1_emp |       188               1,543  |     61          0         142
  wnh_~1_unemp |       188               1,543  |    151          0         933
  wnh_n_~2_emp |       188               1,543  |    179          0        1591
  wnh_~2_unemp |       188               1,543  |    261          0        5853
  wnh_n_ub2_~1 |       188               1,543  |     56          0         135
  wnh_tenure~n |       188               1,543  |   >500   .4986301    17.50959
  wnh_n_help~s |       188               1,543  |    304          0        2922
  wnh_n_fore~n |       188               1,543  |    232          0        6716
  wnh_n_educ~w |       188               1,543  |    364          0        9321
  wnh_n_educ~h |       188               1,543  |    333          0       13976
  -----------------------------------------------------------------------------
r; t=0.26 10:55:19

.                         
. misstable       sum stig_con female unemp_ep_ord sgb2_quo unemp_quo ltunemp_quo unemp_cur_n_c ///
>                         child* care age_c ///
>                         age2_c search leistbez depindug2_c ln_oecdincn_c  ///
>                          mig educ_kat akt_pol akt_com akt_other ///
>                         unemp_quo_c amr mean_female_c mean_unemp_cur_n_c ///
>                         mean_unemp_ep_ord_2_c mean_unemp_ep_ord_3_c  ///
>                         mean_care_c mean_age_c mean_search_c mean_leistbez_2_c ///
>                         mean_leistbez_3_c mean_depindug2 mean_ln_oecdincn hhgr_c ///
>                         sat_gen_c sat_health_c sat_flat_c sat_std_c friends_num_c ///
>                         ger updown_c friends_yn subhealth emp_hh_cur pisei              ///
>                         n_tenure* n_marginal n_parttime n_fulltime tenure_mean n_helpers ///NH variables 
>                         n_foreign n_educ_low n_educ_high ///
>                         wnh_n_not_emp wnh_n_not_emp_1yr wnh_n_ub* wnh_tenure_mean wnh_n_helpers ///WNH variables 
>                         wnh_n_foreign wnh_n_educ_low wnh_n_educ_high ///
>                         kreisnr alq 
                                                               Obs<.
                                                +------------------------------
               |                                | Unique
      Variable |     Obs=.     Obs>.     Obs<.  | values        Min         Max
  -------------+--------------------------------+------------------------------
      stig_con |       109               1,731  |     25          0          75
        female |         1               1,839  |      2          0           1
  unemp_ep_ord |        56               1,784  |      3          0           2
      sgb2_quo |         9               1,831  |   >500          0    .5531915
     unemp_quo |         9               1,831  |   >500          0    .6304348
   ltunemp_quo |         9               1,831  |   >500          0    .3695652
  unemp_cur_~c |        56               1,784  |    212  -4.846086    32.98725
       child_3 |         1               1,839  |      2          0           1
     child_4_9 |         1               1,839  |      2          0           1
   child_10_17 |         1               1,839  |      2          0           1
          care |         2               1,838  |      2          0           1
        search |         9               1,831  |      2          0           1
      leistbez |        68               1,772  |      3          0           2
   depindug2_c |         1               1,839  |     18  -6.134856    11.86514
  ln_oecdinc~c |        12               1,828  |   >500  -2.565913    3.462592
           mig |        58               1,782  |      3          0           2
      educ_kat |         2               1,838  |      3          1           3
   unemp_quo_c |         9               1,831  |   >500  -.1389514    .4914834
     sat_gen_c |         2               1,838  |     11  -5.758433    4.241567
  sat_health_c |         2               1,838  |     11  -5.609902    4.390098
  friends_nu~c |         7               1,833  |     31  -6.388434    92.61156
      updown_c |        11               1,829  |     10  -3.594861    5.405139
    friends_yn |         1               1,839  |      2          0           1
     subhealth |         2               1,838  |      2          0           1
         pisei |       107               1,733  |     60          0          88
  n_tenure_b~r |         9               1,831  |   >500          1        3484
  n_tenure_1~s |         9               1,831  |   >500          2        4757
  n_tenure_5~e |         9               1,831  |   >500          1        2991
    n_marginal |         9               1,831  |    479          0        1390
    n_parttime |         9               1,831  |   >500          1        2217
    n_fulltime |         9               1,831  |   >500          3        6192
   tenure_mean |         9               1,831  |   >500   2.587165    8.640961
     n_helpers |         9               1,831  |    424          0        1149
     n_foreign |         9               1,831  |    435          0        2561
    n_educ_low |         9               1,831  |   >500          0        3335
   n_educ_high |         9               1,831  |    479          0        4848
  wnh_n_not_~p |       195               1,645  |    299          0        6603
  wnh_n_not_~r |       197               1,643  |    259          0        4742
  wnh_n_~1_emp |       197               1,643  |     62          0         142
  wnh_~1_unemp |       197               1,643  |    155          0         933
  wnh_n_~2_emp |       197               1,643  |    184          0        1591
  wnh_~2_unemp |       197               1,643  |    270          0        5853
  wnh_n_ub2_~1 |       197               1,643  |     57          0         135
  wnh_tenure~n |       197               1,643  |   >500   .4986301    17.50959
  wnh_n_help~s |       197               1,643  |    313          0        2922
  wnh_n_fore~n |       197               1,643  |    241          0        6716
  wnh_n_educ~w |       197               1,643  |    374          0        9321
  wnh_n_educ~h |       197               1,643  |    343          0       13976
  -----------------------------------------------------------------------------
r; t=0.25 10:55:19

. 
.                 
. misstable       sum unemp_cur_n_c depindug2_c ln_oecdincn_c ///
>                                         sat_gen_c sat_health_c friends_num_c updown_c child_3 ///
>                                         child_4_9 child_10_17  search care subhealth pisei ///
>                                         educ_kat unemp_ep_ord mig
                                                               Obs<.
                                                +------------------------------
               |                                | Unique
      Variable |     Obs=.     Obs>.     Obs<.  | values        Min         Max
  -------------+--------------------------------+------------------------------
  unemp_cur_~c |        56               1,784  |    212  -4.846086    32.98725
   depindug2_c |         1               1,839  |     18  -6.134856    11.86514
  ln_oecdinc~c |        12               1,828  |   >500  -2.565913    3.462592
     sat_gen_c |         2               1,838  |     11  -5.758433    4.241567
  sat_health_c |         2               1,838  |     11  -5.609902    4.390098
  friends_nu~c |         7               1,833  |     31  -6.388434    92.61156
      updown_c |        11               1,829  |     10  -3.594861    5.405139
       child_3 |         1               1,839  |      2          0           1
     child_4_9 |         1               1,839  |      2          0           1
   child_10_17 |         1               1,839  |      2          0           1
        search |         9               1,831  |      2          0           1
          care |         2               1,838  |      2          0           1
     subhealth |         2               1,838  |      2          0           1
         pisei |       107               1,733  |     60          0          88
      educ_kat |         2               1,838  |      3          1           3
  unemp_ep_ord |        56               1,784  |      3          0           2
           mig |        58               1,782  |      3          0           2
  -----------------------------------------------------------------------------
r; t=0.06 10:55:19

.                                         
. misstable sum age_c age2_c    akt_pol akt_com ///
>                         akt_other  amr emp_hh_cur /// 
>                         mean_female_c mean_child_3_c mean_child_4_9_c mean_child_10_17_c mean_care_c ///
>                         mean_age_c mean_unemp_cur_n_c mean_depindug2_c mean_ln_oecdincn_c mean_search_c ///
>                         mean_emp_hh_cur_c mean_pisei_c mean_friends_num_c  ///
>                         mean_educ_kat_2_c mean_educ_kat_3_c mean_mig_2_c ///
>                         mean_mig_3_c mean_unemp_ep_ord_2_c mean_unemp_ep_ord_3_c ///
>                         mean_leistbez_1_c mean_leistbez_3_c mean_akt_pol_c ///
>                         mean_akt_com_c mean_akt_other_c sat_flat_c sat_std_c ger hhgr_c
(variables nonmissing or string)
r; t=0.02 10:55:19

. */
. 
. //county information
. mixed stig_con  || geo_grid_cell: || kr_id: , mle

Performing EM optimization ...

Performing gradient-based optimization: 
Iteration 0:  Log likelihood = -6977.0662  
Iteration 1:  Log likelihood = -6957.9219  (not concave)
Iteration 2:  Log likelihood =   -6957.92  (backed up)
Iteration 3:  Log likelihood =   -6957.92  (not concave)
Iteration 4:  Log likelihood =   -6957.92  (not concave)
Iteration 5:  Log likelihood =   -6957.92  (not concave)
Iteration 6:  Log likelihood =   -6957.92  (not concave)
Iteration 7:  Log likelihood =   -6957.92  (not concave)
Iteration 8:  Log likelihood =   -6957.92  (not concave)
Iteration 9:  Log likelihood =   -6957.92  (not concave)
Iteration 10: Log likelihood =   -6957.92  (not concave)
Iteration 11: Log likelihood =   -6957.92  (not concave)
Iteration 12: Log likelihood =   -6957.92  (not concave)
Iteration 13: Log likelihood =   -6957.92  (not concave)
Iteration 14: Log likelihood =   -6957.92  (not concave)
Iteration 15: Log likelihood =   -6957.92  (not concave)
Iteration 16: Log likelihood =   -6957.92  (not concave)
Iteration 17: Log likelihood =   -6957.92  (not concave)
Iteration 18: Log likelihood =   -6957.92  (not concave)
Iteration 19: Log likelihood =   -6957.92  (not concave)
Iteration 20: Log likelihood =   -6957.92  (not concave)
Iteration 21: Log likelihood =   -6957.92  (not concave)
Iteration 22: Log likelihood =   -6957.92  (not concave)
Iteration 23: Log likelihood =   -6957.92  (not concave)
Iteration 24: Log likelihood =   -6957.92  (not concave)
Iteration 25: Log likelihood =   -6957.92  (not concave)
Iteration 26: Log likelihood =   -6957.92  (not concave)
Iteration 27: Log likelihood =   -6957.92  (not concave)
Iteration 28: Log likelihood =   -6957.92  (not concave)
Iteration 29: Log likelihood =   -6957.92  (not concave)
Iteration 30: Log likelihood =   -6957.92  (not concave)
Iteration 31: Log likelihood =   -6957.92  (not concave)
Iteration 32: Log likelihood =   -6957.92  (not concave)
Iteration 33: Log likelihood =   -6957.92  (not concave)
Iteration 34: Log likelihood =   -6957.92  (not concave)
Iteration 35: Log likelihood =   -6957.92  (not concave)
Iteration 36: Log likelihood =   -6957.92  (not concave)
Iteration 37: Log likelihood =   -6957.92  (not concave)
Iteration 38: Log likelihood =   -6957.92  (not concave)
Iteration 39: Log likelihood =   -6957.92  (not concave)
Iteration 40: Log likelihood =   -6957.92  (not concave)
Iteration 41: Log likelihood =   -6957.92  (not concave)
Iteration 42: Log likelihood =   -6957.92  (not concave)
Iteration 43: Log likelihood =   -6957.92  (not concave)
Iteration 44: Log likelihood =   -6957.92  (not concave)
Iteration 45: Log likelihood =   -6957.92  (not concave)
Iteration 46: Log likelihood =   -6957.92  (not concave)
Iteration 47: Log likelihood =   -6957.92  (not concave)
Iteration 48: Log likelihood =   -6957.92  (not concave)
Iteration 49: Log likelihood =   -6957.92  (not concave)
Iteration 50: Log likelihood =   -6957.92  (not concave)
Iteration 51: Log likelihood =   -6957.92  (not concave)
Iteration 52: Log likelihood =   -6957.92  (not concave)
Iteration 53: Log likelihood =   -6957.92  (not concave)
Iteration 54: Log likelihood =   -6957.92  (not concave)
Iteration 55: Log likelihood =   -6957.92  (not concave)
Iteration 56: Log likelihood =   -6957.92  (not concave)
Iteration 57: Log likelihood =   -6957.92  (not concave)
Iteration 58: Log likelihood =   -6957.92  (not concave)
Iteration 59: Log likelihood =   -6957.92  (not concave)
Iteration 60: Log likelihood =   -6957.92  (not concave)
Iteration 61: Log likelihood =   -6957.92  (not concave)
Iteration 62: Log likelihood =   -6957.92  (not concave)
Iteration 63: Log likelihood =   -6957.92  (not concave)
Iteration 64: Log likelihood =   -6957.92  (not concave)
Iteration 65: Log likelihood =   -6957.92  (not concave)
Iteration 66: Log likelihood =   -6957.92  (not concave)
Iteration 67: Log likelihood =   -6957.92  (not concave)
Iteration 68: Log likelihood =   -6957.92  (not concave)
Iteration 69: Log likelihood =   -6957.92  (not concave)
Iteration 70: Log likelihood =   -6957.92  (not concave)
Iteration 71: Log likelihood =   -6957.92  (not concave)
Iteration 72: Log likelihood =   -6957.92  (not concave)
Iteration 73: Log likelihood =   -6957.92  (not concave)
Iteration 74: Log likelihood =   -6957.92  (not concave)
Iteration 75: Log likelihood =   -6957.92  (not concave)
Iteration 76: Log likelihood =   -6957.92  (not concave)
Iteration 77: Log likelihood =   -6957.92  (not concave)
Iteration 78: Log likelihood =   -6957.92  (not concave)
Iteration 79: Log likelihood =   -6957.92  (not concave)
Iteration 80: Log likelihood =   -6957.92  (not concave)
Iteration 81: Log likelihood =   -6957.92  (not concave)
Iteration 82: Log likelihood =   -6957.92  (not concave)
Iteration 83: Log likelihood =   -6957.92  (not concave)
Iteration 84: Log likelihood =   -6957.92  (not concave)
Iteration 85: Log likelihood =   -6957.92  (not concave)
Iteration 86: Log likelihood =   -6957.92  (not concave)
Iteration 87: Log likelihood =   -6957.92  (not concave)
Iteration 88: Log likelihood =   -6957.92  (not concave)
Iteration 89: Log likelihood =   -6957.92  (not concave)
Iteration 90: Log likelihood =   -6957.92  (not concave)
Iteration 91: Log likelihood =   -6957.92  (not concave)
Iteration 92: Log likelihood =   -6957.92  (not concave)
Iteration 93: Log likelihood =   -6957.92  (not concave)
Iteration 94: Log likelihood =   -6957.92  (not concave)
Iteration 95: Log likelihood =   -6957.92  (not concave)
Iteration 96: Log likelihood =   -6957.92  (not concave)
Iteration 97: Log likelihood =   -6957.92  (not concave)
Iteration 98: Log likelihood =   -6957.92  (not concave)
Iteration 99: Log likelihood =   -6957.92  (not concave)
Iteration 100: Log likelihood =   -6957.92  (not concave)
Iteration 101: Log likelihood =   -6957.92  (not concave)
Iteration 102: Log likelihood =   -6957.92  (not concave)
Iteration 103: Log likelihood =   -6957.92  (not concave)
Iteration 104: Log likelihood =   -6957.92  (not concave)
Iteration 105: Log likelihood =   -6957.92  (not concave)
Iteration 106: Log likelihood =   -6957.92  (not concave)
Iteration 107: Log likelihood =   -6957.92  (not concave)
Iteration 108: Log likelihood =   -6957.92  (not concave)
Iteration 109: Log likelihood =   -6957.92  (not concave)
Iteration 110: Log likelihood =   -6957.92  (not concave)
Iteration 111: Log likelihood =   -6957.92  (not concave)
Iteration 112: Log likelihood =   -6957.92  (not concave)
Iteration 113: Log likelihood =   -6957.92  (not concave)
Iteration 114: Log likelihood =   -6957.92  (not concave)
Iteration 115: Log likelihood =   -6957.92  (not concave)
Iteration 116: Log likelihood =   -6957.92  (not concave)
Iteration 117: Log likelihood =   -6957.92  (not concave)
Iteration 118: Log likelihood =   -6957.92  (not concave)
Iteration 119: Log likelihood =   -6957.92  (not concave)
Iteration 120: Log likelihood =   -6957.92  (not concave)
Iteration 121: Log likelihood =   -6957.92  (not concave)
Iteration 122: Log likelihood =   -6957.92  (not concave)
Iteration 123: Log likelihood =   -6957.92  (not concave)
Iteration 124: Log likelihood =   -6957.92  (not concave)
Iteration 125: Log likelihood =   -6957.92  (not concave)
Iteration 126: Log likelihood =   -6957.92  (not concave)
Iteration 127: Log likelihood =   -6957.92  (not concave)
Iteration 128: Log likelihood =   -6957.92  (not concave)
Iteration 129: Log likelihood =   -6957.92  (not concave)
Iteration 130: Log likelihood =   -6957.92  (not concave)
Iteration 131: Log likelihood =   -6957.92  (not concave)
Iteration 132: Log likelihood =   -6957.92  (not concave)
Iteration 133: Log likelihood =   -6957.92  (not concave)
Iteration 134: Log likelihood =   -6957.92  (not concave)
Iteration 135: Log likelihood =   -6957.92  (not concave)
Iteration 136: Log likelihood =   -6957.92  (not concave)
Iteration 137: Log likelihood =   -6957.92  (not concave)
Iteration 138: Log likelihood =   -6957.92  (not concave)
Iteration 139: Log likelihood =   -6957.92  (not concave)
Iteration 140: Log likelihood =   -6957.92  (not concave)
Iteration 141: Log likelihood =   -6957.92  (not concave)
Iteration 142: Log likelihood =   -6957.92  (not concave)
Iteration 143: Log likelihood =   -6957.92  (not concave)
Iteration 144: Log likelihood =   -6957.92  (not concave)
Iteration 145: Log likelihood =   -6957.92  (not concave)
Iteration 146: Log likelihood =   -6957.92  (not concave)
Iteration 147: Log likelihood =   -6957.92  (not concave)
Iteration 148: Log likelihood =   -6957.92  (not concave)
Iteration 149: Log likelihood =   -6957.92  (not concave)
Iteration 150: Log likelihood =   -6957.92  (not concave)
Iteration 151: Log likelihood =   -6957.92  (not concave)
Iteration 152: Log likelihood =   -6957.92  (not concave)
Iteration 153: Log likelihood =   -6957.92  (not concave)
Iteration 154: Log likelihood =   -6957.92  (not concave)
Iteration 155: Log likelihood =   -6957.92  (not concave)
Iteration 156: Log likelihood =   -6957.92  (not concave)
Iteration 157: Log likelihood =   -6957.92  (not concave)
Iteration 158: Log likelihood =   -6957.92  (not concave)
Iteration 159: Log likelihood =   -6957.92  (not concave)
Iteration 160: Log likelihood =   -6957.92  (not concave)
Iteration 161: Log likelihood =   -6957.92  (not concave)
Iteration 162: Log likelihood =   -6957.92  (not concave)
Iteration 163: Log likelihood =   -6957.92  (not concave)
Iteration 164: Log likelihood =   -6957.92  (not concave)
Iteration 165: Log likelihood =   -6957.92  (not concave)
Iteration 166: Log likelihood =   -6957.92  (not concave)
Iteration 167: Log likelihood =   -6957.92  (not concave)
Iteration 168: Log likelihood =   -6957.92  (not concave)
Iteration 169: Log likelihood =   -6957.92  (not concave)
Iteration 170: Log likelihood =   -6957.92  (not concave)
Iteration 171: Log likelihood =   -6957.92  (not concave)
Iteration 172: Log likelihood =   -6957.92  (not concave)
Iteration 173: Log likelihood =   -6957.92  (not concave)
Iteration 174: Log likelihood =   -6957.92  (not concave)
Iteration 175: Log likelihood =   -6957.92  (not concave)
Iteration 176: Log likelihood =   -6957.92  (not concave)
Iteration 177: Log likelihood =   -6957.92  (not concave)
Iteration 178: Log likelihood =   -6957.92  (not concave)
Iteration 179: Log likelihood =   -6957.92  (not concave)
Iteration 180: Log likelihood =   -6957.92  (not concave)
Iteration 181: Log likelihood =   -6957.92  (not concave)
Iteration 182: Log likelihood =   -6957.92  (not concave)
Iteration 183: Log likelihood =   -6957.92  (not concave)
Iteration 184: Log likelihood =   -6957.92  (not concave)
Iteration 185: Log likelihood =   -6957.92  (not concave)
Iteration 186: Log likelihood =   -6957.92  (not concave)
Iteration 187: Log likelihood =   -6957.92  (not concave)
Iteration 188: Log likelihood =   -6957.92  (not concave)
Iteration 189: Log likelihood =   -6957.92  (not concave)
Iteration 190: Log likelihood =   -6957.92  (not concave)
Iteration 191: Log likelihood =   -6957.92  (not concave)
Iteration 192: Log likelihood =   -6957.92  (not concave)
Iteration 193: Log likelihood =   -6957.92  (not concave)
Iteration 194: Log likelihood =   -6957.92  (not concave)
Iteration 195: Log likelihood =   -6957.92  (not concave)
Iteration 196: Log likelihood =   -6957.92  (not concave)
Iteration 197: Log likelihood =   -6957.92  (not concave)
Iteration 198: Log likelihood =   -6957.92  (not concave)
Iteration 199: Log likelihood =   -6957.92  (not concave)
Iteration 200: Log likelihood =   -6957.92  (not concave)
Iteration 201: Log likelihood =   -6957.92  (not concave)
Iteration 202: Log likelihood =   -6957.92  (not concave)
Iteration 203: Log likelihood =   -6957.92  (not concave)
Iteration 204: Log likelihood =   -6957.92  (not concave)
Iteration 205: Log likelihood =   -6957.92  (not concave)
Iteration 206: Log likelihood =   -6957.92  (not concave)
Iteration 207: Log likelihood =   -6957.92  (not concave)
Iteration 208: Log likelihood =   -6957.92  (not concave)
Iteration 209: Log likelihood =   -6957.92  (not concave)
Iteration 210: Log likelihood =   -6957.92  (not concave)
Iteration 211: Log likelihood =   -6957.92  (not concave)
Iteration 212: Log likelihood =   -6957.92  (not concave)
Iteration 213: Log likelihood =   -6957.92  (not concave)
Iteration 214: Log likelihood =   -6957.92  (not concave)
Iteration 215: Log likelihood =   -6957.92  (not concave)
Iteration 216: Log likelihood =   -6957.92  (not concave)
Iteration 217: Log likelihood =   -6957.92  (not concave)
Iteration 218: Log likelihood =   -6957.92  (not concave)
Iteration 219: Log likelihood =   -6957.92  (not concave)
Iteration 220: Log likelihood =   -6957.92  (not concave)
Iteration 221: Log likelihood =   -6957.92  (not concave)
Iteration 222: Log likelihood =   -6957.92  (not concave)
Iteration 223: Log likelihood =   -6957.92  (not concave)
Iteration 224: Log likelihood =   -6957.92  (not concave)
Iteration 225: Log likelihood =   -6957.92  (not concave)
Iteration 226: Log likelihood =   -6957.92  (not concave)
Iteration 227: Log likelihood =   -6957.92  (not concave)
Iteration 228: Log likelihood =   -6957.92  (not concave)
Iteration 229: Log likelihood =   -6957.92  (not concave)
Iteration 230: Log likelihood =   -6957.92  (not concave)
Iteration 231: Log likelihood =   -6957.92  (not concave)
Iteration 232: Log likelihood =   -6957.92  (not concave)
Iteration 233: Log likelihood =   -6957.92  (not concave)
Iteration 234: Log likelihood =   -6957.92  (not concave)
Iteration 235: Log likelihood =   -6957.92  (not concave)
Iteration 236: Log likelihood =   -6957.92  (not concave)
Iteration 237: Log likelihood =   -6957.92  (not concave)
Iteration 238: Log likelihood =   -6957.92  (not concave)
Iteration 239: Log likelihood =   -6957.92  (not concave)
Iteration 240: Log likelihood =   -6957.92  (not concave)
Iteration 241: Log likelihood =   -6957.92  (not concave)
Iteration 242: Log likelihood =   -6957.92  (not concave)
Iteration 243: Log likelihood =   -6957.92  (not concave)
Iteration 244: Log likelihood =   -6957.92  (not concave)
Iteration 245: Log likelihood =   -6957.92  (not concave)
Iteration 246: Log likelihood =   -6957.92  (not concave)
Iteration 247: Log likelihood =   -6957.92  (not concave)
Iteration 248: Log likelihood =   -6957.92  (not concave)
Iteration 249: Log likelihood =   -6957.92  (not concave)
Iteration 250: Log likelihood =   -6957.92  (not concave)
Iteration 251: Log likelihood =   -6957.92  (not concave)
Iteration 252: Log likelihood =   -6957.92  (not concave)
Iteration 253: Log likelihood =   -6957.92  (not concave)
Iteration 254: Log likelihood =   -6957.92  (not concave)
Iteration 255: Log likelihood =   -6957.92  (not concave)
Iteration 256: Log likelihood =   -6957.92  (not concave)
Iteration 257: Log likelihood =   -6957.92  (not concave)
Iteration 258: Log likelihood =   -6957.92  (not concave)
Iteration 259: Log likelihood =   -6957.92  (not concave)
Iteration 260: Log likelihood =   -6957.92  (not concave)
Iteration 261: Log likelihood =   -6957.92  (not concave)
Iteration 262: Log likelihood =   -6957.92  (not concave)
Iteration 263: Log likelihood =   -6957.92  (not concave)
Iteration 264: Log likelihood =   -6957.92  (not concave)
Iteration 265: Log likelihood =   -6957.92  (not concave)
Iteration 266: Log likelihood =   -6957.92  (not concave)
Iteration 267: Log likelihood =   -6957.92  (not concave)
Iteration 268: Log likelihood =   -6957.92  (not concave)
Iteration 269: Log likelihood =   -6957.92  (not concave)
Iteration 270: Log likelihood =   -6957.92  (not concave)
Iteration 271: Log likelihood =   -6957.92  (not concave)
Iteration 272: Log likelihood =   -6957.92  (not concave)
Iteration 273: Log likelihood =   -6957.92  (not concave)
Iteration 274: Log likelihood =   -6957.92  (not concave)
Iteration 275: Log likelihood =   -6957.92  (not concave)
Iteration 276: Log likelihood =   -6957.92  (not concave)
Iteration 277: Log likelihood =   -6957.92  (not concave)
Iteration 278: Log likelihood =   -6957.92  (not concave)
Iteration 279: Log likelihood =   -6957.92  (not concave)
Iteration 280: Log likelihood =   -6957.92  (not concave)
Iteration 281: Log likelihood =   -6957.92  (not concave)
Iteration 282: Log likelihood =   -6957.92  (not concave)
Iteration 283: Log likelihood =   -6957.92  (not concave)
Iteration 284: Log likelihood =   -6957.92  (not concave)
Iteration 285: Log likelihood =   -6957.92  (not concave)
Iteration 286: Log likelihood =   -6957.92  (not concave)
Iteration 287: Log likelihood =   -6957.92  (not concave)
Iteration 288: Log likelihood =   -6957.92  (not concave)
Iteration 289: Log likelihood =   -6957.92  (not concave)
Iteration 290: Log likelihood =   -6957.92  (not concave)
Iteration 291: Log likelihood =   -6957.92  (not concave)
Iteration 292: Log likelihood =   -6957.92  (not concave)
Iteration 293: Log likelihood =   -6957.92  (not concave)
Iteration 294: Log likelihood =   -6957.92  (not concave)
Iteration 295: Log likelihood =   -6957.92  (not concave)
Iteration 296: Log likelihood =   -6957.92  (not concave)
Iteration 297: Log likelihood =   -6957.92  (not concave)
Iteration 298: Log likelihood =   -6957.92  (not concave)
Iteration 299: Log likelihood =   -6957.92  (not concave)
Iteration 300: Log likelihood =   -6957.92  (not concave)
convergence not achieved

Computing standard errors ...

Mixed-effects ML regression                              Number of obs = 1,731

        Grouping information
        -------------------------------------------------------------
                        |     No. of       Observations per group
         Group variable |     groups    Minimum    Average    Maximum
        ----------------+--------------------------------------------
           geo_grid_c~l |      1,139          1        1.5         12
                  kr_id |      1,139          1        1.5         12
        -------------------------------------------------------------

                                                         Wald chi2(0)  =     .
Log likelihood =   -6957.92                              Prob > chi2   =     .

-------------------------------------------------------------------------------
     stig_con | Coefficient  Std. err.      z    P>|z|     [95% conf. interval]
--------------+----------------------------------------------------------------
        _cons |   38.23414   .3495144   109.39   0.000      37.5491    38.91917
-------------------------------------------------------------------------------

------------------------------------------------------------------------------
  Random-effects parameters  |   Estimate   Std. err.     [95% conf. interval]
-----------------------------+------------------------------------------------
geo_grid_c~l: Identity       |
                  var(_cons) |   14.24452    1632.95      3.75e-97    5.41e+98
-----------------------------+------------------------------------------------
kr_id: Identity              |
                  var(_cons) |   14.42907   1632.951      6.73e-96    3.09e+97
-----------------------------+------------------------------------------------
               var(Residual) |   155.1695   8.268367      139.7814    172.2517
------------------------------------------------------------------------------
LR test vs. linear model: chi2(2) = 17.19                 Prob > chi2 = 0.0002

Note: LR test is conservative and provided only for reference.
Warning: Convergence not achieved.
r; t=93.08 10:56:52

. 
. preserve
r; t=0.01 10:56:52

.         duplicates drop kr_id, force

Duplicates in terms of kr_id

(1,706 observations deleted)
r; t=0.02 10:56:52

.         sum kr_id_N, d

                           kr_id_N
-------------------------------------------------------------
      Percentiles      Smallest
 1%            5              5
 5%            5              5
10%            5              5       Obs                 134
25%            7              5       Sum of wgt.         134

50%           10                      Mean           13.73134
                        Largest       Std. dev.       13.7459
75%           16             46
90%           22             48       Variance       188.9498
95%           32             54       Skewness       5.686695
99%           54            135       Kurtosis       47.29926
r; t=0.00 10:56:52

. restore
r; t=0.00 10:56:52

.         
. xtset pnr year

Panel variable: pnr (strongly balanced)
 Time variable: year, 2013 to 2013
         Delta: 1 unit
r; t=0.03 10:56:52

. 
. ***preparing the data 
. set seed        564
r; t=0.00 10:56:52

. mi set          flong
r; t=0.02 10:56:52

. mi register     imputed stig_con sgb2_quo unemp_quo ltunemp_quo unemp_ep_ord unemp_cur_n_c child_* care search leistbez
>  ///
>                         depindug2_c ln_oecdincn_c  mig educ_kat sat_gen_c ///
>                         n_marginal n_parttime tenure_mean n_helpers  daily_wage_med  gini_daily_wage_med ///NH variable
> s 
>                         n_foreign n_educ_low n_educ_high n_est_close_5yrs n ///
>                         sat_health_c friends_num_c updown_c friends_yn subhealth pisei female  ///
>                         wnh_n_not_emp wnh_n_not_emp_1yr  wnh_tenure_mean wnh_n_helpers ///WNH variables 
>                         wnh_n_foreign wnh_n_educ_low wnh_n_educ_high
(556 m=0 obs now marked as incomplete)
r; t=0.05 10:56:52

. mi register regular  ///
>                         age_c age2_c    akt_pol akt_com ///individual level 
>                         akt_other  amr emp_hh_cur /// 
>                         mean_female_c mean_child_3_c mean_child_4_9_c mean_child_10_17_c mean_care_c ///
>                         mean_age_c mean_unemp_cur_n_c mean_depindug2_c mean_ln_oecdincn_c mean_search_c ///
>                         mean_emp_hh_cur_c mean_pisei_c mean_friends_num_c  ///
>                         mean_educ_kat_2_c mean_educ_kat_3_c mean_mig_2_c ///
>                         mean_mig_3_c mean_unemp_ep_ord_2_c mean_unemp_ep_ord_3_c ///
>                         mean_leistbez_1_c mean_leistbez_3_c mean_akt_pol_c ///
>                         mean_akt_com_c mean_akt_other_c sat_flat_c sat_std_c ger hhgr_c ///
>                         alq   
r; t=0.03 10:56:52

. 
. ***Indikator für MID
. cap drop        ind
r; t=0.00 10:56:52

. gen                     ind=1 if stig_con==.
(1,731 missing values generated)
r; t=0.00 10:56:52

. tab                     ind stig_con, mis

           |                                  stigma consciousness
       ind |         0      3.125       6.25      9.375       12.5     15.625      18.75     21.875 |     Total
-----------+----------------------------------------------------------------------------------------+----------
         1 |         0          0          0          0          0          0          0          0 |       109 
         . |         4          3         10         19         27         46         43         58 |     1,731 
-----------+----------------------------------------------------------------------------------------+----------
     Total |         4          3         10         19         27         46         43         58 |     1,840 


           |                                  stigma consciousness
       ind |        25     28.125      31.25     34.375       37.5     40.625      43.75     46.875 |     Total
-----------+----------------------------------------------------------------------------------------+----------
         1 |         0          0          0          0          0          0          0          0 |       109 
         . |       112        140        153        155        164        145        141        124 |     1,731 
-----------+----------------------------------------------------------------------------------------+----------
     Total |       112        140        153        155        164        145        141        124 |     1,840 


           |                                  stigma consciousness
       ind |        50     53.125      56.25     59.375       62.5     65.625      68.75     71.875 |     Total
-----------+----------------------------------------------------------------------------------------+----------
         1 |         0          0          0          0          0          0          0          0 |       109 
         . |        92         85         70         44         41         23         15          9 |     1,731 
-----------+----------------------------------------------------------------------------------------+----------
     Total |        92         85         70         44         41         23         15          9 |     1,840 


           | stigma consciousness
       ind |        75          . |     Total
-----------+----------------------+----------
         1 |         0        109 |       109 
         . |         8          0 |     1,731 
-----------+----------------------+----------
     Total |         8        109 |     1,840 
r; t=0.01 10:56:52

. 
. 
. ***Imputation
. set more off
r; t=0.00 10:56:52

. mi xtset, clear
r; t=0.01 10:56:52

. mi impute chained       (pmm, knn(5)) stig_con  unemp_cur_n_c depindug2_c ln_oecdincn_c ///
>                                         sat_gen_c sat_health_c friends_num_c updown_c child_3 ///
>                                         child_4_9 child_10_17  search care subhealth pisei female ///
>                                         unemp_quo ltunemp_quo sgb2_quo ///EV
>                                         n_marginal n_parttime tenure_mean n_helpers n_est_close_5yrs n ///NH variables 
>                                         n_foreign n_educ_low n_educ_high gini_daily_wage_med daily_wage_med ///
>                                         wnh_n_not_emp wnh_n_not_emp_1yr  wnh_tenure_mean wnh_n_helpers ///WNH variables
>  
>                                         wnh_n_foreign wnh_n_educ_low wnh_n_educ_high ///
>                                         (ologit, augment) educ_kat unemp_ep_ord mig leistbez ///
>                                         = c.age_c c.age2_c  ///
>                                         i.akt_pol i.akt_com i.akt_other  i.amr emp_hh_cur ///
>                                         c.mean_female_c c.mean_child_3_c c.mean_child_4_9_c c.mean_child_10_17_c c.mean
> _care_c ///
>                                         c.mean_age_c c.mean_unemp_cur_n_c c.mean_depindug2_c c.mean_ln_oecdincn_c c.mea
> n_search_c ///
>                                         c.mean_emp_hh_cur_c c.mean_pisei_c c.mean_friends_num_c ///
>                                         c.mean_educ_kat_2_c c.mean_educ_kat_3_c c.mean_mig_2_c ///
>                                         c.mean_mig_3_c c.mean_unemp_ep_ord_2_c c.mean_unemp_ep_ord_3_c ///
>                                         c.mean_leistbez_1_c c.mean_leistbez_3_c ///
>                                         c.sat_flat_c c.sat_std_c i.ger c.hhgr_c c.mean_akt_pol_c ///
>                                         c.mean_akt_com_c c.mean_akt_other_c ///
>                                         c.alq ///
>                                         , add(50) burnin(100) dots replace  
note: variables n_est_close_5yrs n gini_daily_wage_med contain no soft missing (.) values; imputing nothing

Conditional models:
       depindug2_c: pmm depindug2_c n_est_close_5yrs n gini_daily_wage_med child_3 child_4_9 child_10_17 female
                     sat_gen_c sat_health_c care subhealth i.educ_kat friends_num_c search unemp_quo ltunemp_quo
                     sgb2_quo n_marginal n_parttime tenure_mean n_helpers n_foreign n_educ_low n_educ_high
                     daily_wage_med updown_c ln_oecdincn_c unemp_cur_n_c i.unemp_ep_ord i.mig i.leistbez pisei stig_con
                     wnh_n_not_emp wnh_n_not_emp_1yr wnh_tenure_mean wnh_n_helpers wnh_n_foreign wnh_n_educ_low
                     wnh_n_educ_high age_c age2_c i.akt_pol i.akt_com i.akt_other i.amr emp_hh_cur mean_female_c
                     mean_child_3_c mean_child_4_9_c mean_child_10_17_c mean_care_c mean_age_c mean_unemp_cur_n_c
                     mean_depindug2_c mean_ln_oecdincn_c mean_search_c mean_emp_hh_cur_c mean_pisei_c
                     mean_friends_num_c mean_educ_kat_2_c mean_educ_kat_3_c mean_mig_2_c mean_mig_3_c
                     mean_unemp_ep_ord_2_c mean_unemp_ep_ord_3_c mean_leistbez_1_c mean_leistbez_3_c sat_flat_c
                     sat_std_c i.ger hhgr_c mean_akt_pol_c mean_akt_com_c mean_akt_other_c alq , knn(5)
           child_3: pmm child_3 n_est_close_5yrs n gini_daily_wage_med depindug2_c child_4_9 child_10_17 female
                     sat_gen_c sat_health_c care subhealth i.educ_kat friends_num_c search unemp_quo ltunemp_quo
                     sgb2_quo n_marginal n_parttime tenure_mean n_helpers n_foreign n_educ_low n_educ_high
                     daily_wage_med updown_c ln_oecdincn_c unemp_cur_n_c i.unemp_ep_ord i.mig i.leistbez pisei stig_con
                     wnh_n_not_emp wnh_n_not_emp_1yr wnh_tenure_mean wnh_n_helpers wnh_n_foreign wnh_n_educ_low
                     wnh_n_educ_high age_c age2_c i.akt_pol i.akt_com i.akt_other i.amr emp_hh_cur mean_female_c
                     mean_child_3_c mean_child_4_9_c mean_child_10_17_c mean_care_c mean_age_c mean_unemp_cur_n_c
                     mean_depindug2_c mean_ln_oecdincn_c mean_search_c mean_emp_hh_cur_c mean_pisei_c
                     mean_friends_num_c mean_educ_kat_2_c mean_educ_kat_3_c mean_mig_2_c mean_mig_3_c
                     mean_unemp_ep_ord_2_c mean_unemp_ep_ord_3_c mean_leistbez_1_c mean_leistbez_3_c sat_flat_c
                     sat_std_c i.ger hhgr_c mean_akt_pol_c mean_akt_com_c mean_akt_other_c alq , knn(5)
         child_4_9: pmm child_4_9 n_est_close_5yrs n gini_daily_wage_med depindug2_c child_3 child_10_17 female
                     sat_gen_c sat_health_c care subhealth i.educ_kat friends_num_c search unemp_quo ltunemp_quo
                     sgb2_quo n_marginal n_parttime tenure_mean n_helpers n_foreign n_educ_low n_educ_high
                     daily_wage_med updown_c ln_oecdincn_c unemp_cur_n_c i.unemp_ep_ord i.mig i.leistbez pisei stig_con
                     wnh_n_not_emp wnh_n_not_emp_1yr wnh_tenure_mean wnh_n_helpers wnh_n_foreign wnh_n_educ_low
                     wnh_n_educ_high age_c age2_c i.akt_pol i.akt_com i.akt_other i.amr emp_hh_cur mean_female_c
                     mean_child_3_c mean_child_4_9_c mean_child_10_17_c mean_care_c mean_age_c mean_unemp_cur_n_c
                     mean_depindug2_c mean_ln_oecdincn_c mean_search_c mean_emp_hh_cur_c mean_pisei_c
                     mean_friends_num_c mean_educ_kat_2_c mean_educ_kat_3_c mean_mig_2_c mean_mig_3_c
                     mean_unemp_ep_ord_2_c mean_unemp_ep_ord_3_c mean_leistbez_1_c mean_leistbez_3_c sat_flat_c
                     sat_std_c i.ger hhgr_c mean_akt_pol_c mean_akt_com_c mean_akt_other_c alq , knn(5)
       child_10_17: pmm child_10_17 n_est_close_5yrs n gini_daily_wage_med depindug2_c child_3 child_4_9 female
                     sat_gen_c sat_health_c care subhealth i.educ_kat friends_num_c search unemp_quo ltunemp_quo
                     sgb2_quo n_marginal n_parttime tenure_mean n_helpers n_foreign n_educ_low n_educ_high
                     daily_wage_med updown_c ln_oecdincn_c unemp_cur_n_c i.unemp_ep_ord i.mig i.leistbez pisei stig_con
                     wnh_n_not_emp wnh_n_not_emp_1yr wnh_tenure_mean wnh_n_helpers wnh_n_foreign wnh_n_educ_low
                     wnh_n_educ_high age_c age2_c i.akt_pol i.akt_com i.akt_other i.amr emp_hh_cur mean_female_c
                     mean_child_3_c mean_child_4_9_c mean_child_10_17_c mean_care_c mean_age_c mean_unemp_cur_n_c
                     mean_depindug2_c mean_ln_oecdincn_c mean_search_c mean_emp_hh_cur_c mean_pisei_c
                     mean_friends_num_c mean_educ_kat_2_c mean_educ_kat_3_c mean_mig_2_c mean_mig_3_c
                     mean_unemp_ep_ord_2_c mean_unemp_ep_ord_3_c mean_leistbez_1_c mean_leistbez_3_c sat_flat_c
                     sat_std_c i.ger hhgr_c mean_akt_pol_c mean_akt_com_c mean_akt_other_c alq , knn(5)
            female: pmm female n_est_close_5yrs n gini_daily_wage_med depindug2_c child_3 child_4_9 child_10_17
                     sat_gen_c sat_health_c care subhealth i.educ_kat friends_num_c search unemp_quo ltunemp_quo
                     sgb2_quo n_marginal n_parttime tenure_mean n_helpers n_foreign n_educ_low n_educ_high
                     daily_wage_med updown_c ln_oecdincn_c unemp_cur_n_c i.unemp_ep_ord i.mig i.leistbez pisei stig_con
                     wnh_n_not_emp wnh_n_not_emp_1yr wnh_tenure_mean wnh_n_helpers wnh_n_foreign wnh_n_educ_low
                     wnh_n_educ_high age_c age2_c i.akt_pol i.akt_com i.akt_other i.amr emp_hh_cur mean_female_c
                     mean_child_3_c mean_child_4_9_c mean_child_10_17_c mean_care_c mean_age_c mean_unemp_cur_n_c
                     mean_depindug2_c mean_ln_oecdincn_c mean_search_c mean_emp_hh_cur_c mean_pisei_c
                     mean_friends_num_c mean_educ_kat_2_c mean_educ_kat_3_c mean_mig_2_c mean_mig_3_c
                     mean_unemp_ep_ord_2_c mean_unemp_ep_ord_3_c mean_leistbez_1_c mean_leistbez_3_c sat_flat_c
                     sat_std_c i.ger hhgr_c mean_akt_pol_c mean_akt_com_c mean_akt_other_c alq , knn(5)
         sat_gen_c: pmm sat_gen_c n_est_close_5yrs n gini_daily_wage_med depindug2_c child_3 child_4_9 child_10_17
                     female sat_health_c care subhealth i.educ_kat friends_num_c search unemp_quo ltunemp_quo sgb2_quo
                     n_marginal n_parttime tenure_mean n_helpers n_foreign n_educ_low n_educ_high daily_wage_med
                     updown_c ln_oecdincn_c unemp_cur_n_c i.unemp_ep_ord i.mig i.leistbez pisei stig_con wnh_n_not_emp
                     wnh_n_not_emp_1yr wnh_tenure_mean wnh_n_helpers wnh_n_foreign wnh_n_educ_low wnh_n_educ_high age_c
                     age2_c i.akt_pol i.akt_com i.akt_other i.amr emp_hh_cur mean_female_c mean_child_3_c
                     mean_child_4_9_c mean_child_10_17_c mean_care_c mean_age_c mean_unemp_cur_n_c mean_depindug2_c
                     mean_ln_oecdincn_c mean_search_c mean_emp_hh_cur_c mean_pisei_c mean_friends_num_c
                     mean_educ_kat_2_c mean_educ_kat_3_c mean_mig_2_c mean_mig_3_c mean_unemp_ep_ord_2_c
                     mean_unemp_ep_ord_3_c mean_leistbez_1_c mean_leistbez_3_c sat_flat_c sat_std_c i.ger hhgr_c
                     mean_akt_pol_c mean_akt_com_c mean_akt_other_c alq , knn(5)
      sat_health_c: pmm sat_health_c n_est_close_5yrs n gini_daily_wage_med depindug2_c child_3 child_4_9 child_10_17
                     female sat_gen_c care subhealth i.educ_kat friends_num_c search unemp_quo ltunemp_quo sgb2_quo
                     n_marginal n_parttime tenure_mean n_helpers n_foreign n_educ_low n_educ_high daily_wage_med
                     updown_c ln_oecdincn_c unemp_cur_n_c i.unemp_ep_ord i.mig i.leistbez pisei stig_con wnh_n_not_emp
                     wnh_n_not_emp_1yr wnh_tenure_mean wnh_n_helpers wnh_n_foreign wnh_n_educ_low wnh_n_educ_high age_c
                     age2_c i.akt_pol i.akt_com i.akt_other i.amr emp_hh_cur mean_female_c mean_child_3_c
                     mean_child_4_9_c mean_child_10_17_c mean_care_c mean_age_c mean_unemp_cur_n_c mean_depindug2_c
                     mean_ln_oecdincn_c mean_search_c mean_emp_hh_cur_c mean_pisei_c mean_friends_num_c
                     mean_educ_kat_2_c mean_educ_kat_3_c mean_mig_2_c mean_mig_3_c mean_unemp_ep_ord_2_c
                     mean_unemp_ep_ord_3_c mean_leistbez_1_c mean_leistbez_3_c sat_flat_c sat_std_c i.ger hhgr_c
                     mean_akt_pol_c mean_akt_com_c mean_akt_other_c alq , knn(5)
              care: pmm care n_est_close_5yrs n gini_daily_wage_med depindug2_c child_3 child_4_9 child_10_17 female
                     sat_gen_c sat_health_c subhealth i.educ_kat friends_num_c search unemp_quo ltunemp_quo sgb2_quo
                     n_marginal n_parttime tenure_mean n_helpers n_foreign n_educ_low n_educ_high daily_wage_med
                     updown_c ln_oecdincn_c unemp_cur_n_c i.unemp_ep_ord i.mig i.leistbez pisei stig_con wnh_n_not_emp
                     wnh_n_not_emp_1yr wnh_tenure_mean wnh_n_helpers wnh_n_foreign wnh_n_educ_low wnh_n_educ_high age_c
                     age2_c i.akt_pol i.akt_com i.akt_other i.amr emp_hh_cur mean_female_c mean_child_3_c
                     mean_child_4_9_c mean_child_10_17_c mean_care_c mean_age_c mean_unemp_cur_n_c mean_depindug2_c
                     mean_ln_oecdincn_c mean_search_c mean_emp_hh_cur_c mean_pisei_c mean_friends_num_c
                     mean_educ_kat_2_c mean_educ_kat_3_c mean_mig_2_c mean_mig_3_c mean_unemp_ep_ord_2_c
                     mean_unemp_ep_ord_3_c mean_leistbez_1_c mean_leistbez_3_c sat_flat_c sat_std_c i.ger hhgr_c
                     mean_akt_pol_c mean_akt_com_c mean_akt_other_c alq , knn(5)
         subhealth: pmm subhealth n_est_close_5yrs n gini_daily_wage_med depindug2_c child_3 child_4_9 child_10_17
                     female sat_gen_c sat_health_c care i.educ_kat friends_num_c search unemp_quo ltunemp_quo sgb2_quo
                     n_marginal n_parttime tenure_mean n_helpers n_foreign n_educ_low n_educ_high daily_wage_med
                     updown_c ln_oecdincn_c unemp_cur_n_c i.unemp_ep_ord i.mig i.leistbez pisei stig_con wnh_n_not_emp
                     wnh_n_not_emp_1yr wnh_tenure_mean wnh_n_helpers wnh_n_foreign wnh_n_educ_low wnh_n_educ_high age_c
                     age2_c i.akt_pol i.akt_com i.akt_other i.amr emp_hh_cur mean_female_c mean_child_3_c
                     mean_child_4_9_c mean_child_10_17_c mean_care_c mean_age_c mean_unemp_cur_n_c mean_depindug2_c
                     mean_ln_oecdincn_c mean_search_c mean_emp_hh_cur_c mean_pisei_c mean_friends_num_c
                     mean_educ_kat_2_c mean_educ_kat_3_c mean_mig_2_c mean_mig_3_c mean_unemp_ep_ord_2_c
                     mean_unemp_ep_ord_3_c mean_leistbez_1_c mean_leistbez_3_c sat_flat_c sat_std_c i.ger hhgr_c
                     mean_akt_pol_c mean_akt_com_c mean_akt_other_c alq , knn(5)
          educ_kat: ologit educ_kat n_est_close_5yrs n gini_daily_wage_med depindug2_c child_3 child_4_9 child_10_17
                     female sat_gen_c sat_health_c care subhealth friends_num_c search unemp_quo ltunemp_quo sgb2_quo
                     n_marginal n_parttime tenure_mean n_helpers n_foreign n_educ_low n_educ_high daily_wage_med
                     updown_c ln_oecdincn_c unemp_cur_n_c i.unemp_ep_ord i.mig i.leistbez pisei stig_con wnh_n_not_emp
                     wnh_n_not_emp_1yr wnh_tenure_mean wnh_n_helpers wnh_n_foreign wnh_n_educ_low wnh_n_educ_high age_c
                     age2_c i.akt_pol i.akt_com i.akt_other i.amr emp_hh_cur mean_female_c mean_child_3_c
                     mean_child_4_9_c mean_child_10_17_c mean_care_c mean_age_c mean_unemp_cur_n_c mean_depindug2_c
                     mean_ln_oecdincn_c mean_search_c mean_emp_hh_cur_c mean_pisei_c mean_friends_num_c
                     mean_educ_kat_2_c mean_educ_kat_3_c mean_mig_2_c mean_mig_3_c mean_unemp_ep_ord_2_c
                     mean_unemp_ep_ord_3_c mean_leistbez_1_c mean_leistbez_3_c sat_flat_c sat_std_c i.ger hhgr_c
                     mean_akt_pol_c mean_akt_com_c mean_akt_other_c alq , augment
     friends_num_c: pmm friends_num_c n_est_close_5yrs n gini_daily_wage_med depindug2_c child_3 child_4_9 child_10_17
                     female sat_gen_c sat_health_c care subhealth i.educ_kat search unemp_quo ltunemp_quo sgb2_quo
                     n_marginal n_parttime tenure_mean n_helpers n_foreign n_educ_low n_educ_high daily_wage_med
                     updown_c ln_oecdincn_c unemp_cur_n_c i.unemp_ep_ord i.mig i.leistbez pisei stig_con wnh_n_not_emp
                     wnh_n_not_emp_1yr wnh_tenure_mean wnh_n_helpers wnh_n_foreign wnh_n_educ_low wnh_n_educ_high age_c
                     age2_c i.akt_pol i.akt_com i.akt_other i.amr emp_hh_cur mean_female_c mean_child_3_c
                     mean_child_4_9_c mean_child_10_17_c mean_care_c mean_age_c mean_unemp_cur_n_c mean_depindug2_c
                     mean_ln_oecdincn_c mean_search_c mean_emp_hh_cur_c mean_pisei_c mean_friends_num_c
                     mean_educ_kat_2_c mean_educ_kat_3_c mean_mig_2_c mean_mig_3_c mean_unemp_ep_ord_2_c
                     mean_unemp_ep_ord_3_c mean_leistbez_1_c mean_leistbez_3_c sat_flat_c sat_std_c i.ger hhgr_c
                     mean_akt_pol_c mean_akt_com_c mean_akt_other_c alq , knn(5)
            search: pmm search n_est_close_5yrs n gini_daily_wage_med depindug2_c child_3 child_4_9 child_10_17 female
                     sat_gen_c sat_health_c care subhealth i.educ_kat friends_num_c unemp_quo ltunemp_quo sgb2_quo
                     n_marginal n_parttime tenure_mean n_helpers n_foreign n_educ_low n_educ_high daily_wage_med
                     updown_c ln_oecdincn_c unemp_cur_n_c i.unemp_ep_ord i.mig i.leistbez pisei stig_con wnh_n_not_emp
                     wnh_n_not_emp_1yr wnh_tenure_mean wnh_n_helpers wnh_n_foreign wnh_n_educ_low wnh_n_educ_high age_c
                     age2_c i.akt_pol i.akt_com i.akt_other i.amr emp_hh_cur mean_female_c mean_child_3_c
                     mean_child_4_9_c mean_child_10_17_c mean_care_c mean_age_c mean_unemp_cur_n_c mean_depindug2_c
                     mean_ln_oecdincn_c mean_search_c mean_emp_hh_cur_c mean_pisei_c mean_friends_num_c
                     mean_educ_kat_2_c mean_educ_kat_3_c mean_mig_2_c mean_mig_3_c mean_unemp_ep_ord_2_c
                     mean_unemp_ep_ord_3_c mean_leistbez_1_c mean_leistbez_3_c sat_flat_c sat_std_c i.ger hhgr_c
                     mean_akt_pol_c mean_akt_com_c mean_akt_other_c alq , knn(5)
         unemp_quo: pmm unemp_quo n_est_close_5yrs n gini_daily_wage_med depindug2_c child_3 child_4_9 child_10_17
                     female sat_gen_c sat_health_c care subhealth i.educ_kat friends_num_c search ltunemp_quo sgb2_quo
                     n_marginal n_parttime tenure_mean n_helpers n_foreign n_educ_low n_educ_high daily_wage_med
                     updown_c ln_oecdincn_c unemp_cur_n_c i.unemp_ep_ord i.mig i.leistbez pisei stig_con wnh_n_not_emp
                     wnh_n_not_emp_1yr wnh_tenure_mean wnh_n_helpers wnh_n_foreign wnh_n_educ_low wnh_n_educ_high age_c
                     age2_c i.akt_pol i.akt_com i.akt_other i.amr emp_hh_cur mean_female_c mean_child_3_c
                     mean_child_4_9_c mean_child_10_17_c mean_care_c mean_age_c mean_unemp_cur_n_c mean_depindug2_c
                     mean_ln_oecdincn_c mean_search_c mean_emp_hh_cur_c mean_pisei_c mean_friends_num_c
                     mean_educ_kat_2_c mean_educ_kat_3_c mean_mig_2_c mean_mig_3_c mean_unemp_ep_ord_2_c
                     mean_unemp_ep_ord_3_c mean_leistbez_1_c mean_leistbez_3_c sat_flat_c sat_std_c i.ger hhgr_c
                     mean_akt_pol_c mean_akt_com_c mean_akt_other_c alq , knn(5)
       ltunemp_quo: pmm ltunemp_quo n_est_close_5yrs n gini_daily_wage_med depindug2_c child_3 child_4_9 child_10_17
                     female sat_gen_c sat_health_c care subhealth i.educ_kat friends_num_c search unemp_quo sgb2_quo
                     n_marginal n_parttime tenure_mean n_helpers n_foreign n_educ_low n_educ_high daily_wage_med
                     updown_c ln_oecdincn_c unemp_cur_n_c i.unemp_ep_ord i.mig i.leistbez pisei stig_con wnh_n_not_emp
                     wnh_n_not_emp_1yr wnh_tenure_mean wnh_n_helpers wnh_n_foreign wnh_n_educ_low wnh_n_educ_high age_c
                     age2_c i.akt_pol i.akt_com i.akt_other i.amr emp_hh_cur mean_female_c mean_child_3_c
                     mean_child_4_9_c mean_child_10_17_c mean_care_c mean_age_c mean_unemp_cur_n_c mean_depindug2_c
                     mean_ln_oecdincn_c mean_search_c mean_emp_hh_cur_c mean_pisei_c mean_friends_num_c
                     mean_educ_kat_2_c mean_educ_kat_3_c mean_mig_2_c mean_mig_3_c mean_unemp_ep_ord_2_c
                     mean_unemp_ep_ord_3_c mean_leistbez_1_c mean_leistbez_3_c sat_flat_c sat_std_c i.ger hhgr_c
                     mean_akt_pol_c mean_akt_com_c mean_akt_other_c alq , knn(5)
          sgb2_quo: pmm sgb2_quo n_est_close_5yrs n gini_daily_wage_med depindug2_c child_3 child_4_9 child_10_17
                     female sat_gen_c sat_health_c care subhealth i.educ_kat friends_num_c search unemp_quo ltunemp_quo
                     n_marginal n_parttime tenure_mean n_helpers n_foreign n_educ_low n_educ_high daily_wage_med
                     updown_c ln_oecdincn_c unemp_cur_n_c i.unemp_ep_ord i.mig i.leistbez pisei stig_con wnh_n_not_emp
                     wnh_n_not_emp_1yr wnh_tenure_mean wnh_n_helpers wnh_n_foreign wnh_n_educ_low wnh_n_educ_high age_c
                     age2_c i.akt_pol i.akt_com i.akt_other i.amr emp_hh_cur mean_female_c mean_child_3_c
                     mean_child_4_9_c mean_child_10_17_c mean_care_c mean_age_c mean_unemp_cur_n_c mean_depindug2_c
                     mean_ln_oecdincn_c mean_search_c mean_emp_hh_cur_c mean_pisei_c mean_friends_num_c
                     mean_educ_kat_2_c mean_educ_kat_3_c mean_mig_2_c mean_mig_3_c mean_unemp_ep_ord_2_c
                     mean_unemp_ep_ord_3_c mean_leistbez_1_c mean_leistbez_3_c sat_flat_c sat_std_c i.ger hhgr_c
                     mean_akt_pol_c mean_akt_com_c mean_akt_other_c alq , knn(5)
        n_marginal: pmm n_marginal n_est_close_5yrs n gini_daily_wage_med depindug2_c child_3 child_4_9 child_10_17
                     female sat_gen_c sat_health_c care subhealth i.educ_kat friends_num_c search unemp_quo ltunemp_quo
                     sgb2_quo n_parttime tenure_mean n_helpers n_foreign n_educ_low n_educ_high daily_wage_med updown_c
                     ln_oecdincn_c unemp_cur_n_c i.unemp_ep_ord i.mig i.leistbez pisei stig_con wnh_n_not_emp
                     wnh_n_not_emp_1yr wnh_tenure_mean wnh_n_helpers wnh_n_foreign wnh_n_educ_low wnh_n_educ_high age_c
                     age2_c i.akt_pol i.akt_com i.akt_other i.amr emp_hh_cur mean_female_c mean_child_3_c
                     mean_child_4_9_c mean_child_10_17_c mean_care_c mean_age_c mean_unemp_cur_n_c mean_depindug2_c
                     mean_ln_oecdincn_c mean_search_c mean_emp_hh_cur_c mean_pisei_c mean_friends_num_c
                     mean_educ_kat_2_c mean_educ_kat_3_c mean_mig_2_c mean_mig_3_c mean_unemp_ep_ord_2_c
                     mean_unemp_ep_ord_3_c mean_leistbez_1_c mean_leistbez_3_c sat_flat_c sat_std_c i.ger hhgr_c
                     mean_akt_pol_c mean_akt_com_c mean_akt_other_c alq , knn(5)
        n_parttime: pmm n_parttime n_est_close_5yrs n gini_daily_wage_med depindug2_c child_3 child_4_9 child_10_17
                     female sat_gen_c sat_health_c care subhealth i.educ_kat friends_num_c search unemp_quo ltunemp_quo
                     sgb2_quo n_marginal tenure_mean n_helpers n_foreign n_educ_low n_educ_high daily_wage_med updown_c
                     ln_oecdincn_c unemp_cur_n_c i.unemp_ep_ord i.mig i.leistbez pisei stig_con wnh_n_not_emp
                     wnh_n_not_emp_1yr wnh_tenure_mean wnh_n_helpers wnh_n_foreign wnh_n_educ_low wnh_n_educ_high age_c
                     age2_c i.akt_pol i.akt_com i.akt_other i.amr emp_hh_cur mean_female_c mean_child_3_c
                     mean_child_4_9_c mean_child_10_17_c mean_care_c mean_age_c mean_unemp_cur_n_c mean_depindug2_c
                     mean_ln_oecdincn_c mean_search_c mean_emp_hh_cur_c mean_pisei_c mean_friends_num_c
                     mean_educ_kat_2_c mean_educ_kat_3_c mean_mig_2_c mean_mig_3_c mean_unemp_ep_ord_2_c
                     mean_unemp_ep_ord_3_c mean_leistbez_1_c mean_leistbez_3_c sat_flat_c sat_std_c i.ger hhgr_c
                     mean_akt_pol_c mean_akt_com_c mean_akt_other_c alq , knn(5)
       tenure_mean: pmm tenure_mean n_est_close_5yrs n gini_daily_wage_med depindug2_c child_3 child_4_9 child_10_17
                     female sat_gen_c sat_health_c care subhealth i.educ_kat friends_num_c search unemp_quo ltunemp_quo
                     sgb2_quo n_marginal n_parttime n_helpers n_foreign n_educ_low n_educ_high daily_wage_med updown_c
                     ln_oecdincn_c unemp_cur_n_c i.unemp_ep_ord i.mig i.leistbez pisei stig_con wnh_n_not_emp
                     wnh_n_not_emp_1yr wnh_tenure_mean wnh_n_helpers wnh_n_foreign wnh_n_educ_low wnh_n_educ_high age_c
                     age2_c i.akt_pol i.akt_com i.akt_other i.amr emp_hh_cur mean_female_c mean_child_3_c
                     mean_child_4_9_c mean_child_10_17_c mean_care_c mean_age_c mean_unemp_cur_n_c mean_depindug2_c
                     mean_ln_oecdincn_c mean_search_c mean_emp_hh_cur_c mean_pisei_c mean_friends_num_c
                     mean_educ_kat_2_c mean_educ_kat_3_c mean_mig_2_c mean_mig_3_c mean_unemp_ep_ord_2_c
                     mean_unemp_ep_ord_3_c mean_leistbez_1_c mean_leistbez_3_c sat_flat_c sat_std_c i.ger hhgr_c
                     mean_akt_pol_c mean_akt_com_c mean_akt_other_c alq , knn(5)
         n_helpers: pmm n_helpers n_est_close_5yrs n gini_daily_wage_med depindug2_c child_3 child_4_9 child_10_17
                     female sat_gen_c sat_health_c care subhealth i.educ_kat friends_num_c search unemp_quo ltunemp_quo
                     sgb2_quo n_marginal n_parttime tenure_mean n_foreign n_educ_low n_educ_high daily_wage_med
                     updown_c ln_oecdincn_c unemp_cur_n_c i.unemp_ep_ord i.mig i.leistbez pisei stig_con wnh_n_not_emp
                     wnh_n_not_emp_1yr wnh_tenure_mean wnh_n_helpers wnh_n_foreign wnh_n_educ_low wnh_n_educ_high age_c
                     age2_c i.akt_pol i.akt_com i.akt_other i.amr emp_hh_cur mean_female_c mean_child_3_c
                     mean_child_4_9_c mean_child_10_17_c mean_care_c mean_age_c mean_unemp_cur_n_c mean_depindug2_c
                     mean_ln_oecdincn_c mean_search_c mean_emp_hh_cur_c mean_pisei_c mean_friends_num_c
                     mean_educ_kat_2_c mean_educ_kat_3_c mean_mig_2_c mean_mig_3_c mean_unemp_ep_ord_2_c
                     mean_unemp_ep_ord_3_c mean_leistbez_1_c mean_leistbez_3_c sat_flat_c sat_std_c i.ger hhgr_c
                     mean_akt_pol_c mean_akt_com_c mean_akt_other_c alq , knn(5)
         n_foreign: pmm n_foreign n_est_close_5yrs n gini_daily_wage_med depindug2_c child_3 child_4_9 child_10_17
                     female sat_gen_c sat_health_c care subhealth i.educ_kat friends_num_c search unemp_quo ltunemp_quo
                     sgb2_quo n_marginal n_parttime tenure_mean n_helpers n_educ_low n_educ_high daily_wage_med
                     updown_c ln_oecdincn_c unemp_cur_n_c i.unemp_ep_ord i.mig i.leistbez pisei stig_con wnh_n_not_emp
                     wnh_n_not_emp_1yr wnh_tenure_mean wnh_n_helpers wnh_n_foreign wnh_n_educ_low wnh_n_educ_high age_c
                     age2_c i.akt_pol i.akt_com i.akt_other i.amr emp_hh_cur mean_female_c mean_child_3_c
                     mean_child_4_9_c mean_child_10_17_c mean_care_c mean_age_c mean_unemp_cur_n_c mean_depindug2_c
                     mean_ln_oecdincn_c mean_search_c mean_emp_hh_cur_c mean_pisei_c mean_friends_num_c
                     mean_educ_kat_2_c mean_educ_kat_3_c mean_mig_2_c mean_mig_3_c mean_unemp_ep_ord_2_c
                     mean_unemp_ep_ord_3_c mean_leistbez_1_c mean_leistbez_3_c sat_flat_c sat_std_c i.ger hhgr_c
                     mean_akt_pol_c mean_akt_com_c mean_akt_other_c alq , knn(5)
        n_educ_low: pmm n_educ_low n_est_close_5yrs n gini_daily_wage_med depindug2_c child_3 child_4_9 child_10_17
                     female sat_gen_c sat_health_c care subhealth i.educ_kat friends_num_c search unemp_quo ltunemp_quo
                     sgb2_quo n_marginal n_parttime tenure_mean n_helpers n_foreign n_educ_high daily_wage_med updown_c
                     ln_oecdincn_c unemp_cur_n_c i.unemp_ep_ord i.mig i.leistbez pisei stig_con wnh_n_not_emp
                     wnh_n_not_emp_1yr wnh_tenure_mean wnh_n_helpers wnh_n_foreign wnh_n_educ_low wnh_n_educ_high age_c
                     age2_c i.akt_pol i.akt_com i.akt_other i.amr emp_hh_cur mean_female_c mean_child_3_c
                     mean_child_4_9_c mean_child_10_17_c mean_care_c mean_age_c mean_unemp_cur_n_c mean_depindug2_c
                     mean_ln_oecdincn_c mean_search_c mean_emp_hh_cur_c mean_pisei_c mean_friends_num_c
                     mean_educ_kat_2_c mean_educ_kat_3_c mean_mig_2_c mean_mig_3_c mean_unemp_ep_ord_2_c
                     mean_unemp_ep_ord_3_c mean_leistbez_1_c mean_leistbez_3_c sat_flat_c sat_std_c i.ger hhgr_c
                     mean_akt_pol_c mean_akt_com_c mean_akt_other_c alq , knn(5)
       n_educ_high: pmm n_educ_high n_est_close_5yrs n gini_daily_wage_med depindug2_c child_3 child_4_9 child_10_17
                     female sat_gen_c sat_health_c care subhealth i.educ_kat friends_num_c search unemp_quo ltunemp_quo
                     sgb2_quo n_marginal n_parttime tenure_mean n_helpers n_foreign n_educ_low daily_wage_med updown_c
                     ln_oecdincn_c unemp_cur_n_c i.unemp_ep_ord i.mig i.leistbez pisei stig_con wnh_n_not_emp
                     wnh_n_not_emp_1yr wnh_tenure_mean wnh_n_helpers wnh_n_foreign wnh_n_educ_low wnh_n_educ_high age_c
                     age2_c i.akt_pol i.akt_com i.akt_other i.amr emp_hh_cur mean_female_c mean_child_3_c
                     mean_child_4_9_c mean_child_10_17_c mean_care_c mean_age_c mean_unemp_cur_n_c mean_depindug2_c
                     mean_ln_oecdincn_c mean_search_c mean_emp_hh_cur_c mean_pisei_c mean_friends_num_c
                     mean_educ_kat_2_c mean_educ_kat_3_c mean_mig_2_c mean_mig_3_c mean_unemp_ep_ord_2_c
                     mean_unemp_ep_ord_3_c mean_leistbez_1_c mean_leistbez_3_c sat_flat_c sat_std_c i.ger hhgr_c
                     mean_akt_pol_c mean_akt_com_c mean_akt_other_c alq , knn(5)
    daily_wage_med: pmm daily_wage_med n_est_close_5yrs n gini_daily_wage_med depindug2_c child_3 child_4_9 child_10_17
                     female sat_gen_c sat_health_c care subhealth i.educ_kat friends_num_c search unemp_quo ltunemp_quo
                     sgb2_quo n_marginal n_parttime tenure_mean n_helpers n_foreign n_educ_low n_educ_high updown_c
                     ln_oecdincn_c unemp_cur_n_c i.unemp_ep_ord i.mig i.leistbez pisei stig_con wnh_n_not_emp
                     wnh_n_not_emp_1yr wnh_tenure_mean wnh_n_helpers wnh_n_foreign wnh_n_educ_low wnh_n_educ_high age_c
                     age2_c i.akt_pol i.akt_com i.akt_other i.amr emp_hh_cur mean_female_c mean_child_3_c
                     mean_child_4_9_c mean_child_10_17_c mean_care_c mean_age_c mean_unemp_cur_n_c mean_depindug2_c
                     mean_ln_oecdincn_c mean_search_c mean_emp_hh_cur_c mean_pisei_c mean_friends_num_c
                     mean_educ_kat_2_c mean_educ_kat_3_c mean_mig_2_c mean_mig_3_c mean_unemp_ep_ord_2_c
                     mean_unemp_ep_ord_3_c mean_leistbez_1_c mean_leistbez_3_c sat_flat_c sat_std_c i.ger hhgr_c
                     mean_akt_pol_c mean_akt_com_c mean_akt_other_c alq , knn(5)
          updown_c: pmm updown_c n_est_close_5yrs n gini_daily_wage_med depindug2_c child_3 child_4_9 child_10_17
                     female sat_gen_c sat_health_c care subhealth i.educ_kat friends_num_c search unemp_quo ltunemp_quo
                     sgb2_quo n_marginal n_parttime tenure_mean n_helpers n_foreign n_educ_low n_educ_high
                     daily_wage_med ln_oecdincn_c unemp_cur_n_c i.unemp_ep_ord i.mig i.leistbez pisei stig_con
                     wnh_n_not_emp wnh_n_not_emp_1yr wnh_tenure_mean wnh_n_helpers wnh_n_foreign wnh_n_educ_low
                     wnh_n_educ_high age_c age2_c i.akt_pol i.akt_com i.akt_other i.amr emp_hh_cur mean_female_c
                     mean_child_3_c mean_child_4_9_c mean_child_10_17_c mean_care_c mean_age_c mean_unemp_cur_n_c
                     mean_depindug2_c mean_ln_oecdincn_c mean_search_c mean_emp_hh_cur_c mean_pisei_c
                     mean_friends_num_c mean_educ_kat_2_c mean_educ_kat_3_c mean_mig_2_c mean_mig_3_c
                     mean_unemp_ep_ord_2_c mean_unemp_ep_ord_3_c mean_leistbez_1_c mean_leistbez_3_c sat_flat_c
                     sat_std_c i.ger hhgr_c mean_akt_pol_c mean_akt_com_c mean_akt_other_c alq , knn(5)
     ln_oecdincn_c: pmm ln_oecdincn_c n_est_close_5yrs n gini_daily_wage_med depindug2_c child_3 child_4_9 child_10_17
                     female sat_gen_c sat_health_c care subhealth i.educ_kat friends_num_c search unemp_quo ltunemp_quo
                     sgb2_quo n_marginal n_parttime tenure_mean n_helpers n_foreign n_educ_low n_educ_high
                     daily_wage_med updown_c unemp_cur_n_c i.unemp_ep_ord i.mig i.leistbez pisei stig_con wnh_n_not_emp
                     wnh_n_not_emp_1yr wnh_tenure_mean wnh_n_helpers wnh_n_foreign wnh_n_educ_low wnh_n_educ_high age_c
                     age2_c i.akt_pol i.akt_com i.akt_other i.amr emp_hh_cur mean_female_c mean_child_3_c
                     mean_child_4_9_c mean_child_10_17_c mean_care_c mean_age_c mean_unemp_cur_n_c mean_depindug2_c
                     mean_ln_oecdincn_c mean_search_c mean_emp_hh_cur_c mean_pisei_c mean_friends_num_c
                     mean_educ_kat_2_c mean_educ_kat_3_c mean_mig_2_c mean_mig_3_c mean_unemp_ep_ord_2_c
                     mean_unemp_ep_ord_3_c mean_leistbez_1_c mean_leistbez_3_c sat_flat_c sat_std_c i.ger hhgr_c
                     mean_akt_pol_c mean_akt_com_c mean_akt_other_c alq , knn(5)
     unemp_cur_n_c: pmm unemp_cur_n_c n_est_close_5yrs n gini_daily_wage_med depindug2_c child_3 child_4_9 child_10_17
                     female sat_gen_c sat_health_c care subhealth i.educ_kat friends_num_c search unemp_quo ltunemp_quo
                     sgb2_quo n_marginal n_parttime tenure_mean n_helpers n_foreign n_educ_low n_educ_high
                     daily_wage_med updown_c ln_oecdincn_c i.unemp_ep_ord i.mig i.leistbez pisei stig_con wnh_n_not_emp
                     wnh_n_not_emp_1yr wnh_tenure_mean wnh_n_helpers wnh_n_foreign wnh_n_educ_low wnh_n_educ_high age_c
                     age2_c i.akt_pol i.akt_com i.akt_other i.amr emp_hh_cur mean_female_c mean_child_3_c
                     mean_child_4_9_c mean_child_10_17_c mean_care_c mean_age_c mean_unemp_cur_n_c mean_depindug2_c
                     mean_ln_oecdincn_c mean_search_c mean_emp_hh_cur_c mean_pisei_c mean_friends_num_c
                     mean_educ_kat_2_c mean_educ_kat_3_c mean_mig_2_c mean_mig_3_c mean_unemp_ep_ord_2_c
                     mean_unemp_ep_ord_3_c mean_leistbez_1_c mean_leistbez_3_c sat_flat_c sat_std_c i.ger hhgr_c
                     mean_akt_pol_c mean_akt_com_c mean_akt_other_c alq , knn(5)
      unemp_ep_ord: ologit unemp_ep_ord n_est_close_5yrs n gini_daily_wage_med depindug2_c child_3 child_4_9
                     child_10_17 female sat_gen_c sat_health_c care subhealth i.educ_kat friends_num_c search unemp_quo
                     ltunemp_quo sgb2_quo n_marginal n_parttime tenure_mean n_helpers n_foreign n_educ_low n_educ_high
                     daily_wage_med updown_c ln_oecdincn_c unemp_cur_n_c i.mig i.leistbez pisei stig_con wnh_n_not_emp
                     wnh_n_not_emp_1yr wnh_tenure_mean wnh_n_helpers wnh_n_foreign wnh_n_educ_low wnh_n_educ_high age_c
                     age2_c i.akt_pol i.akt_com i.akt_other i.amr emp_hh_cur mean_female_c mean_child_3_c
                     mean_child_4_9_c mean_child_10_17_c mean_care_c mean_age_c mean_unemp_cur_n_c mean_depindug2_c
                     mean_ln_oecdincn_c mean_search_c mean_emp_hh_cur_c mean_pisei_c mean_friends_num_c
                     mean_educ_kat_2_c mean_educ_kat_3_c mean_mig_2_c mean_mig_3_c mean_unemp_ep_ord_2_c
                     mean_unemp_ep_ord_3_c mean_leistbez_1_c mean_leistbez_3_c sat_flat_c sat_std_c i.ger hhgr_c
                     mean_akt_pol_c mean_akt_com_c mean_akt_other_c alq , augment
               mig: ologit mig n_est_close_5yrs n gini_daily_wage_med depindug2_c child_3 child_4_9 child_10_17 female
                     sat_gen_c sat_health_c care subhealth i.educ_kat friends_num_c search unemp_quo ltunemp_quo
                     sgb2_quo n_marginal n_parttime tenure_mean n_helpers n_foreign n_educ_low n_educ_high
                     daily_wage_med updown_c ln_oecdincn_c unemp_cur_n_c i.unemp_ep_ord i.leistbez pisei stig_con
                     wnh_n_not_emp wnh_n_not_emp_1yr wnh_tenure_mean wnh_n_helpers wnh_n_foreign wnh_n_educ_low
                     wnh_n_educ_high age_c age2_c i.akt_pol i.akt_com i.akt_other i.amr emp_hh_cur mean_female_c
                     mean_child_3_c mean_child_4_9_c mean_child_10_17_c mean_care_c mean_age_c mean_unemp_cur_n_c
                     mean_depindug2_c mean_ln_oecdincn_c mean_search_c mean_emp_hh_cur_c mean_pisei_c
                     mean_friends_num_c mean_educ_kat_2_c mean_educ_kat_3_c mean_mig_2_c mean_mig_3_c
                     mean_unemp_ep_ord_2_c mean_unemp_ep_ord_3_c mean_leistbez_1_c mean_leistbez_3_c sat_flat_c
                     sat_std_c i.ger hhgr_c mean_akt_pol_c mean_akt_com_c mean_akt_other_c alq , augment
          leistbez: ologit leistbez n_est_close_5yrs n gini_daily_wage_med depindug2_c child_3 child_4_9 child_10_17
                     female sat_gen_c sat_health_c care subhealth i.educ_kat friends_num_c search unemp_quo ltunemp_quo
                     sgb2_quo n_marginal n_parttime tenure_mean n_helpers n_foreign n_educ_low n_educ_high
                     daily_wage_med updown_c ln_oecdincn_c unemp_cur_n_c i.unemp_ep_ord i.mig pisei stig_con
                     wnh_n_not_emp wnh_n_not_emp_1yr wnh_tenure_mean wnh_n_helpers wnh_n_foreign wnh_n_educ_low
                     wnh_n_educ_high age_c age2_c i.akt_pol i.akt_com i.akt_other i.amr emp_hh_cur mean_female_c
                     mean_child_3_c mean_child_4_9_c mean_child_10_17_c mean_care_c mean_age_c mean_unemp_cur_n_c
                     mean_depindug2_c mean_ln_oecdincn_c mean_search_c mean_emp_hh_cur_c mean_pisei_c
                     mean_friends_num_c mean_educ_kat_2_c mean_educ_kat_3_c mean_mig_2_c mean_mig_3_c
                     mean_unemp_ep_ord_2_c mean_unemp_ep_ord_3_c mean_leistbez_1_c mean_leistbez_3_c sat_flat_c
                     sat_std_c i.ger hhgr_c mean_akt_pol_c mean_akt_com_c mean_akt_other_c alq , augment
             pisei: pmm pisei n_est_close_5yrs n gini_daily_wage_med depindug2_c child_3 child_4_9 child_10_17 female
                     sat_gen_c sat_health_c care subhealth i.educ_kat friends_num_c search unemp_quo ltunemp_quo
                     sgb2_quo n_marginal n_parttime tenure_mean n_helpers n_foreign n_educ_low n_educ_high
                     daily_wage_med updown_c ln_oecdincn_c unemp_cur_n_c i.unemp_ep_ord i.mig i.leistbez stig_con
                     wnh_n_not_emp wnh_n_not_emp_1yr wnh_tenure_mean wnh_n_helpers wnh_n_foreign wnh_n_educ_low
                     wnh_n_educ_high age_c age2_c i.akt_pol i.akt_com i.akt_other i.amr emp_hh_cur mean_female_c
                     mean_child_3_c mean_child_4_9_c mean_child_10_17_c mean_care_c mean_age_c mean_unemp_cur_n_c
                     mean_depindug2_c mean_ln_oecdincn_c mean_search_c mean_emp_hh_cur_c mean_pisei_c
                     mean_friends_num_c mean_educ_kat_2_c mean_educ_kat_3_c mean_mig_2_c mean_mig_3_c
                     mean_unemp_ep_ord_2_c mean_unemp_ep_ord_3_c mean_leistbez_1_c mean_leistbez_3_c sat_flat_c
                     sat_std_c i.ger hhgr_c mean_akt_pol_c mean_akt_com_c mean_akt_other_c alq , knn(5)
          stig_con: pmm stig_con n_est_close_5yrs n gini_daily_wage_med depindug2_c child_3 child_4_9 child_10_17
                     female sat_gen_c sat_health_c care subhealth i.educ_kat friends_num_c search unemp_quo ltunemp_quo
                     sgb2_quo n_marginal n_parttime tenure_mean n_helpers n_foreign n_educ_low n_educ_high
                     daily_wage_med updown_c ln_oecdincn_c unemp_cur_n_c i.unemp_ep_ord i.mig i.leistbez pisei
                     wnh_n_not_emp wnh_n_not_emp_1yr wnh_tenure_mean wnh_n_helpers wnh_n_foreign wnh_n_educ_low
                     wnh_n_educ_high age_c age2_c i.akt_pol i.akt_com i.akt_other i.amr emp_hh_cur mean_female_c
                     mean_child_3_c mean_child_4_9_c mean_child_10_17_c mean_care_c mean_age_c mean_unemp_cur_n_c
                     mean_depindug2_c mean_ln_oecdincn_c mean_search_c mean_emp_hh_cur_c mean_pisei_c
                     mean_friends_num_c mean_educ_kat_2_c mean_educ_kat_3_c mean_mig_2_c mean_mig_3_c
                     mean_unemp_ep_ord_2_c mean_unemp_ep_ord_3_c mean_leistbez_1_c mean_leistbez_3_c sat_flat_c
                     sat_std_c i.ger hhgr_c mean_akt_pol_c mean_akt_com_c mean_akt_other_c alq , knn(5)
     wnh_n_not_emp: pmm wnh_n_not_emp n_est_close_5yrs n gini_daily_wage_med depindug2_c child_3 child_4_9 child_10_17
                     female sat_gen_c sat_health_c care subhealth i.educ_kat friends_num_c search unemp_quo ltunemp_quo
                     sgb2_quo n_marginal n_parttime tenure_mean n_helpers n_foreign n_educ_low n_educ_high
                     daily_wage_med updown_c ln_oecdincn_c unemp_cur_n_c i.unemp_ep_ord i.mig i.leistbez pisei stig_con
                     wnh_n_not_emp_1yr wnh_tenure_mean wnh_n_helpers wnh_n_foreign wnh_n_educ_low wnh_n_educ_high age_c
                     age2_c i.akt_pol i.akt_com i.akt_other i.amr emp_hh_cur mean_female_c mean_child_3_c
                     mean_child_4_9_c mean_child_10_17_c mean_care_c mean_age_c mean_unemp_cur_n_c mean_depindug2_c
                     mean_ln_oecdincn_c mean_search_c mean_emp_hh_cur_c mean_pisei_c mean_friends_num_c
                     mean_educ_kat_2_c mean_educ_kat_3_c mean_mig_2_c mean_mig_3_c mean_unemp_ep_ord_2_c
                     mean_unemp_ep_ord_3_c mean_leistbez_1_c mean_leistbez_3_c sat_flat_c sat_std_c i.ger hhgr_c
                     mean_akt_pol_c mean_akt_com_c mean_akt_other_c alq , knn(5)
    wnh_n_not_em~r: pmm wnh_n_not_emp_1yr n_est_close_5yrs n gini_daily_wage_med depindug2_c child_3 child_4_9
                     child_10_17 female sat_gen_c sat_health_c care subhealth i.educ_kat friends_num_c search unemp_quo
                     ltunemp_quo sgb2_quo n_marginal n_parttime tenure_mean n_helpers n_foreign n_educ_low n_educ_high
                     daily_wage_med updown_c ln_oecdincn_c unemp_cur_n_c i.unemp_ep_ord i.mig i.leistbez pisei stig_con
                     wnh_n_not_emp wnh_tenure_mean wnh_n_helpers wnh_n_foreign wnh_n_educ_low wnh_n_educ_high age_c
                     age2_c i.akt_pol i.akt_com i.akt_other i.amr emp_hh_cur mean_female_c mean_child_3_c
                     mean_child_4_9_c mean_child_10_17_c mean_care_c mean_age_c mean_unemp_cur_n_c mean_depindug2_c
                     mean_ln_oecdincn_c mean_search_c mean_emp_hh_cur_c mean_pisei_c mean_friends_num_c
                     mean_educ_kat_2_c mean_educ_kat_3_c mean_mig_2_c mean_mig_3_c mean_unemp_ep_ord_2_c
                     mean_unemp_ep_ord_3_c mean_leistbez_1_c mean_leistbez_3_c sat_flat_c sat_std_c i.ger hhgr_c
                     mean_akt_pol_c mean_akt_com_c mean_akt_other_c alq , knn(5)
    wnh_tenure_m~n: pmm wnh_tenure_mean n_est_close_5yrs n gini_daily_wage_med depindug2_c child_3 child_4_9
                     child_10_17 female sat_gen_c sat_health_c care subhealth i.educ_kat friends_num_c search unemp_quo
                     ltunemp_quo sgb2_quo n_marginal n_parttime tenure_mean n_helpers n_foreign n_educ_low n_educ_high
                     daily_wage_med updown_c ln_oecdincn_c unemp_cur_n_c i.unemp_ep_ord i.mig i.leistbez pisei stig_con
                     wnh_n_not_emp wnh_n_not_emp_1yr wnh_n_helpers wnh_n_foreign wnh_n_educ_low wnh_n_educ_high age_c
                     age2_c i.akt_pol i.akt_com i.akt_other i.amr emp_hh_cur mean_female_c mean_child_3_c
                     mean_child_4_9_c mean_child_10_17_c mean_care_c mean_age_c mean_unemp_cur_n_c mean_depindug2_c
                     mean_ln_oecdincn_c mean_search_c mean_emp_hh_cur_c mean_pisei_c mean_friends_num_c
                     mean_educ_kat_2_c mean_educ_kat_3_c mean_mig_2_c mean_mig_3_c mean_unemp_ep_ord_2_c
                     mean_unemp_ep_ord_3_c mean_leistbez_1_c mean_leistbez_3_c sat_flat_c sat_std_c i.ger hhgr_c
                     mean_akt_pol_c mean_akt_com_c mean_akt_other_c alq , knn(5)
     wnh_n_helpers: pmm wnh_n_helpers n_est_close_5yrs n gini_daily_wage_med depindug2_c child_3 child_4_9 child_10_17
                     female sat_gen_c sat_health_c care subhealth i.educ_kat friends_num_c search unemp_quo ltunemp_quo
                     sgb2_quo n_marginal n_parttime tenure_mean n_helpers n_foreign n_educ_low n_educ_high
                     daily_wage_med updown_c ln_oecdincn_c unemp_cur_n_c i.unemp_ep_ord i.mig i.leistbez pisei stig_con
                     wnh_n_not_emp wnh_n_not_emp_1yr wnh_tenure_mean wnh_n_foreign wnh_n_educ_low wnh_n_educ_high age_c
                     age2_c i.akt_pol i.akt_com i.akt_other i.amr emp_hh_cur mean_female_c mean_child_3_c
                     mean_child_4_9_c mean_child_10_17_c mean_care_c mean_age_c mean_unemp_cur_n_c mean_depindug2_c
                     mean_ln_oecdincn_c mean_search_c mean_emp_hh_cur_c mean_pisei_c mean_friends_num_c
                     mean_educ_kat_2_c mean_educ_kat_3_c mean_mig_2_c mean_mig_3_c mean_unemp_ep_ord_2_c
                     mean_unemp_ep_ord_3_c mean_leistbez_1_c mean_leistbez_3_c sat_flat_c sat_std_c i.ger hhgr_c
                     mean_akt_pol_c mean_akt_com_c mean_akt_other_c alq , knn(5)
     wnh_n_foreign: pmm wnh_n_foreign n_est_close_5yrs n gini_daily_wage_med depindug2_c child_3 child_4_9 child_10_17
                     female sat_gen_c sat_health_c care subhealth i.educ_kat friends_num_c search unemp_quo ltunemp_quo
                     sgb2_quo n_marginal n_parttime tenure_mean n_helpers n_foreign n_educ_low n_educ_high
                     daily_wage_med updown_c ln_oecdincn_c unemp_cur_n_c i.unemp_ep_ord i.mig i.leistbez pisei stig_con
                     wnh_n_not_emp wnh_n_not_emp_1yr wnh_tenure_mean wnh_n_helpers wnh_n_educ_low wnh_n_educ_high age_c
                     age2_c i.akt_pol i.akt_com i.akt_other i.amr emp_hh_cur mean_female_c mean_child_3_c
                     mean_child_4_9_c mean_child_10_17_c mean_care_c mean_age_c mean_unemp_cur_n_c mean_depindug2_c
                     mean_ln_oecdincn_c mean_search_c mean_emp_hh_cur_c mean_pisei_c mean_friends_num_c
                     mean_educ_kat_2_c mean_educ_kat_3_c mean_mig_2_c mean_mig_3_c mean_unemp_ep_ord_2_c
                     mean_unemp_ep_ord_3_c mean_leistbez_1_c mean_leistbez_3_c sat_flat_c sat_std_c i.ger hhgr_c
                     mean_akt_pol_c mean_akt_com_c mean_akt_other_c alq , knn(5)
    wnh_n_educ_low: pmm wnh_n_educ_low n_est_close_5yrs n gini_daily_wage_med depindug2_c child_3 child_4_9 child_10_17
                     female sat_gen_c sat_health_c care subhealth i.educ_kat friends_num_c search unemp_quo ltunemp_quo
                     sgb2_quo n_marginal n_parttime tenure_mean n_helpers n_foreign n_educ_low n_educ_high
                     daily_wage_med updown_c ln_oecdincn_c unemp_cur_n_c i.unemp_ep_ord i.mig i.leistbez pisei stig_con
                     wnh_n_not_emp wnh_n_not_emp_1yr wnh_tenure_mean wnh_n_helpers wnh_n_foreign wnh_n_educ_high age_c
                     age2_c i.akt_pol i.akt_com i.akt_other i.amr emp_hh_cur mean_female_c mean_child_3_c
                     mean_child_4_9_c mean_child_10_17_c mean_care_c mean_age_c mean_unemp_cur_n_c mean_depindug2_c
                     mean_ln_oecdincn_c mean_search_c mean_emp_hh_cur_c mean_pisei_c mean_friends_num_c
                     mean_educ_kat_2_c mean_educ_kat_3_c mean_mig_2_c mean_mig_3_c mean_unemp_ep_ord_2_c
                     mean_unemp_ep_ord_3_c mean_leistbez_1_c mean_leistbez_3_c sat_flat_c sat_std_c i.ger hhgr_c
                     mean_akt_pol_c mean_akt_com_c mean_akt_other_c alq , knn(5)
    wnh_n_educ_h~h: pmm wnh_n_educ_high n_est_close_5yrs n gini_daily_wage_med depindug2_c child_3 child_4_9
                     child_10_17 female sat_gen_c sat_health_c care subhealth i.educ_kat friends_num_c search unemp_quo
                     ltunemp_quo sgb2_quo n_marginal n_parttime tenure_mean n_helpers n_foreign n_educ_low n_educ_high
                     daily_wage_med updown_c ln_oecdincn_c unemp_cur_n_c i.unemp_ep_ord i.mig i.leistbez pisei stig_con
                     wnh_n_not_emp wnh_n_not_emp_1yr wnh_tenure_mean wnh_n_helpers wnh_n_foreign wnh_n_educ_low age_c
                     age2_c i.akt_pol i.akt_com i.akt_other i.amr emp_hh_cur mean_female_c mean_child_3_c
                     mean_child_4_9_c mean_child_10_17_c mean_care_c mean_age_c mean_unemp_cur_n_c mean_depindug2_c
                     mean_ln_oecdincn_c mean_search_c mean_emp_hh_cur_c mean_pisei_c mean_friends_num_c
                     mean_educ_kat_2_c mean_educ_kat_3_c mean_mig_2_c mean_mig_3_c mean_unemp_ep_ord_2_c
                     mean_unemp_ep_ord_3_c mean_leistbez_1_c mean_leistbez_3_c sat_flat_c sat_std_c i.ger hhgr_c
                     mean_akt_pol_c mean_akt_com_c mean_akt_other_c alq , knn(5)

Performing chained iterations:
  imputing m=1 through m=50 .........10.........20.........30.........40.........50 done

Multivariate imputation                     Imputations =       50
Chained equations                                 added =       50
Imputed: m=1 through m=50                       updated =        0

Initialization: monotone                     Iterations =     5000
                                                burn-in =      100

          stig_con: predictive mean matching
     unemp_cur_n_c: predictive mean matching
       depindug2_c: predictive mean matching
     ln_oecdincn_c: predictive mean matching
         sat_gen_c: predictive mean matching
      sat_health_c: predictive mean matching
     friends_num_c: predictive mean matching
          updown_c: predictive mean matching
           child_3: predictive mean matching
         child_4_9: predictive mean matching
       child_10_17: predictive mean matching
            search: predictive mean matching
              care: predictive mean matching
         subhealth: predictive mean matching
             pisei: predictive mean matching
            female: predictive mean matching
         unemp_quo: predictive mean matching
       ltunemp_quo: predictive mean matching
          sgb2_quo: predictive mean matching
        n_marginal: predictive mean matching
        n_parttime: predictive mean matching
       tenure_mean: predictive mean matching
         n_helpers: predictive mean matching
    n_est_close_~s: predictive mean matching
                 n: predictive mean matching
         n_foreign: predictive mean matching
        n_educ_low: predictive mean matching
       n_educ_high: predictive mean matching
    gini_daily_w~d: predictive mean matching
    daily_wage_med: predictive mean matching
     wnh_n_not_emp: predictive mean matching
    wnh_n_not_em~r: predictive mean matching
    wnh_tenure_m~n: predictive mean matching
     wnh_n_helpers: predictive mean matching
     wnh_n_foreign: predictive mean matching
    wnh_n_educ_low: predictive mean matching
    wnh_n_educ_h~h: predictive mean matching
          educ_kat: ordered logistic regression
      unemp_ep_ord: augmented ordered logistic regression
               mig: augmented ordered logistic regression
          leistbez: augmented ordered logistic regression

------------------------------------------------------------------
                   |               Observations per m             
                   |----------------------------------------------
          Variable |   Complete   Incomplete   Imputed |     Total
-------------------+-----------------------------------+----------
          stig_con |       1731          109       109 |      1840
     unemp_cur_n_c |       1784           56        56 |      1840
       depindug2_c |       1839            1         1 |      1840
     ln_oecdincn_c |       1828           12        12 |      1840
         sat_gen_c |       1838            2         2 |      1840
      sat_health_c |       1838            2         2 |      1840
     friends_num_c |       1833            7         7 |      1840
          updown_c |       1829           11        11 |      1840
           child_3 |       1839            1         1 |      1840
         child_4_9 |       1839            1         1 |      1840
       child_10_17 |       1839            1         1 |      1840
            search |       1831            9         9 |      1840
              care |       1838            2         2 |      1840
         subhealth |       1838            2         2 |      1840
             pisei |       1733          107       107 |      1840
            female |       1839            1         1 |      1840
         unemp_quo |       1831            9         9 |      1840
       ltunemp_quo |       1831            9         9 |      1840
          sgb2_quo |       1831            9         9 |      1840
        n_marginal |       1831            9         9 |      1840
        n_parttime |       1831            9         9 |      1840
       tenure_mean |       1831            9         9 |      1840
         n_helpers |       1831            9         9 |      1840
    n_est_close_~s |       1840            0         0 |      1840
                 n |       1840            0         0 |      1840
         n_foreign |       1831            9         9 |      1840
        n_educ_low |       1831            9         9 |      1840
       n_educ_high |       1831            9         9 |      1840
    gini_daily_w~d |       1840            0         0 |      1840
    daily_wage_med |       1831            9         9 |      1840
     wnh_n_not_emp |       1645          195       195 |      1840
    wnh_n_not_em~r |       1643          197       197 |      1840
    wnh_tenure_m~n |       1643          197       197 |      1840
     wnh_n_helpers |       1643          197       197 |      1840
     wnh_n_foreign |       1643          197       197 |      1840
    wnh_n_educ_low |       1643          197       197 |      1840
    wnh_n_educ_h~h |       1643          197       197 |      1840
          educ_kat |       1838            2         2 |      1840
      unemp_ep_ord |       1784           56        56 |      1840
               mig |       1782           58        58 |      1840
          leistbez |       1772           68        68 |      1840
------------------------------------------------------------------
(Complete + Incomplete = Total; Imputed is the minimum across m
 of the number of filled-in observations.)
r; t=23758.95 17:32:51

. //
. ***drop cases with initially missing stig_con 
. *drop           if ind==1
. 
. 
. 
. ***save data
. save            "$data\IMP.dta", replace
file N:\Ablagen\D01700-Projekte\4534-Stigma_Consciousness\Daten\IMP.dta saved
r; t=5.68 17:32:57

.                                         
. /***Konvergenzdiagnostik einzeln
> **Imputation für female==1
> use                             "$data\DM_comp.dta", clear
> *preparing the data
> set seed        564
> mi set          flong
> mi register     imputed unemp_ep_ord unemp_cur_n_c child_* care search leistbez ///
>                         depindug2_c ln_oecdincn_c subhealth_prev mig educ_kat sat_gen_c ///
>                         sat_health_c friends_num_c updown_c friends_yn subhealth pisei
> mi register regular age_c age2_c    akt_pol akt_com ///
>                         akt_other  amr emp_hh_cur /// 
>                         mean_female_c mean_child_3_c mean_child_4_9_c mean_child_10_17_c mean_care_c ///
>                         mean_age_c mean_unemp_cur_n_c mean_depindug2_c mean_ln_oecdincn_c mean_search_c ///
>                         mean_emp_hh_cur_c mean_pisei_c mean_friends_num_c  ///
>                         mean_educ_kat_2_c mean_educ_kat_3_c mean_mig_2_c ///
>                         mean_mig_3_c mean_unemp_ep_ord_2_c mean_unemp_ep_ord_3_c ///
>                         mean_leistbez_1_c mean_leistbez_3_c mean_akt_pol_c ///
>                         mean_akt_com_c mean_akt_other_c sat_flat_c sat_std_c ger hhgr_c
>                         
> *imputation
> mi xtset, clear
> mi impute chained       (pmm, knn(5)) unemp_cur_n_c depindug2_c ln_oecdincn_c ///
>                                         sat_gen_c sat_health_c friends_num_c updown_c child_3 ///
>                                         child_4_9 child_10_17 subhealth_prev search care subhealth pisei ///
>                                         (ologit, augment) educ_kat unemp_ep_ord mig leistbez ///
>                                         = age_c age2_c    akt_pol akt_com ///
>                                         akt_other  amr emp_hh_cur /// 
>                                         mean_female_c mean_child_3_c mean_child_4_9_c mean_child_10_17_c mean_care_c //
> /
>                                         mean_age_c mean_unemp_cur_n_c mean_depindug2_c mean_ln_oecdincn_c mean_search_c
>  ///
>                                         mean_emp_hh_cur_c mean_pisei_c mean_friends_num_c  ///
>                                         mean_educ_kat_2_c mean_educ_kat_3_c mean_mig_2_c ///
>                                         mean_mig_3_c mean_unemp_ep_ord_2_c mean_unemp_ep_ord_3_c ///
>                                         mean_leistbez_1_c mean_leistbez_3_c mean_akt_pol_c ///
>                                         mean_akt_com_c mean_akt_other_c sat_flat_c sat_std_c ger hhgr_c if female==1 //
> /
>                                         , add(50) burnin(100) dots replace force savetrace(trace_imputation_f.dta, repl
> ace)
> 
> **Imputation for female==0
> use                             "$data\DM_comp.dta", clear
> *preparing the data
> set seed        564
> mi set          flong
> mi register     imputed unemp_ep_ord unemp_cur_n_c child_* care search leistbez ///
>                         depindug2_c ln_oecdincn_c subhealth_prev mig educ_kat sat_gen_c ///
>                         sat_health_c friends_num_c updown_c friends_yn subhealth pisei
> mi register regular age_c age2_c    akt_pol akt_com ///
>                         akt_other  amr emp_hh_cur /// 
>                         mean_female_c mean_child_3_c mean_child_4_9_c mean_child_10_17_c mean_care_c ///
>                         mean_age_c mean_unemp_cur_n_c mean_depindug2_c mean_ln_oecdincn_c mean_search_c ///
>                         mean_emp_hh_cur_c mean_pisei_c mean_friends_num_c  ///
>                         mean_educ_kat_2_c mean_educ_kat_3_c mean_mig_2_c ///
>                         mean_mig_3_c mean_unemp_ep_ord_2_c mean_unemp_ep_ord_3_c ///
>                         mean_leistbez_1_c mean_leistbez_3_c mean_akt_pol_c ///
>                         mean_akt_com_c mean_akt_other_c sat_flat_c sat_std_c ger hhgr_c
> 
> *imputation
> mi xtset, clear
> mi impute chained       (pmm, knn(5)) unemp_cur_n_c depindug2_c ln_oecdincn_c ///
>                                         sat_gen_c sat_health_c friends_num_c updown_c child_3 ///
>                                         child_4_9 child_10_17 subhealth_prev search care subhealth pisei ///
>                                         (ologit, augment) educ_kat unemp_ep_ord mig leistbez ///
>                                         = age_c age2_c    akt_pol akt_com ///
>                                         akt_other  amr emp_hh_cur /// 
>                                         mean_female_c mean_child_3_c mean_child_4_9_c mean_child_10_17_c mean_care_c //
> /
>                                         mean_age_c mean_unemp_cur_n_c mean_depindug2_c mean_ln_oecdincn_c mean_search_c
>  ///
>                                         mean_emp_hh_cur_c mean_pisei_c mean_friends_num_c  ///
>                                         mean_educ_kat_2_c mean_educ_kat_3_c mean_mig_2_c ///
>                                         mean_mig_3_c mean_unemp_ep_ord_2_c mean_unemp_ep_ord_3_c ///
>                                         mean_leistbez_1_c mean_leistbez_3_c mean_akt_pol_c ///
>                                         mean_akt_com_c mean_akt_other_c sat_flat_c sat_std_c ger hhgr_c if female==0 //
> /
>                                         , add(50) burnin(100) dots replace force savetrace(trace_imputation_m.dta, repl
> ace)
> 
> ***convergence diagnostics - male
> use "$data\trace_imputation_m.dta", clear
> 
> ***reshape data
> reshape                         long @_mean @_sd, i(iter m) j(var) string
> 
> 
> ***calculate means and standard deviations per interation
> rename                          _* est*
> bysort iter var:        egen mean_mean=mean(estmean)
> bysort iter var:        egen mean_sd=mean(estsd)
> 
> ***plot means and standard deviations over interations
> twoway                          line mean_mean iter, lcol(red) sort ///
>                                         || line mean_sd iter, yaxis(2) lcol(blue) sort ///
>                                         ||, by(var, yrescale) 
> graph save                      "$plots\convergence_m.gph", replace
> graph export            "$plots\convergence_m.png", replace
> 
> ***convergence diagnostics - female
> use "$data\trace_imputation_f.dta", clear
> 
> ***reshape data
> reshape                         long @_mean @_sd, i(iter m) j(var) string
> 
> 
> ***calculate means and standard deviations per interation
> rename                          _* est*
> bysort iter var:        egen mean_mean=mean(estmean)
> bysort iter var:        egen mean_sd=mean(estsd)
> 
> ***plot means and standard deviations over interations
> twoway                          line mean_mean iter, lcol(red) sort ///
>                                         || line mean_sd iter, yaxis(2) lcol(blue) sort ///
>                                         ||, by(var, yrescale) 
> graph save                      "$plots\convergence_f.gph", replace
> graph export            "$plots\convergence_f.png", replace
> 
> ***END
> log close       log_imputation

end of do-file
r; t=23858.86 17:32:57

. 
. ***models
. do                      "$prog\11_main.do"

. ***Präambel***
. *Log-File
. cap log close 
